-- MySQL dump 10.13  Distrib 8.0.36, for macos14 (arm64)
--
-- Host: localhost    Database: taipei_trip
-- ------------------------------------------------------
-- Server version	8.0.37

/*!40101 SET @OLD_CHARACTER_SET_CLIENT=@@CHARACTER_SET_CLIENT */;
/*!40101 SET @OLD_CHARACTER_SET_RESULTS=@@CHARACTER_SET_RESULTS */;
/*!40101 SET @OLD_COLLATION_CONNECTION=@@COLLATION_CONNECTION */;
/*!50503 SET NAMES utf8 */;
/*!40103 SET @OLD_TIME_ZONE=@@TIME_ZONE */;
/*!40103 SET TIME_ZONE='+00:00' */;
/*!40014 SET @OLD_UNIQUE_CHECKS=@@UNIQUE_CHECKS, UNIQUE_CHECKS=0 */;
/*!40014 SET @OLD_FOREIGN_KEY_CHECKS=@@FOREIGN_KEY_CHECKS, FOREIGN_KEY_CHECKS=0 */;
/*!40101 SET @OLD_SQL_MODE=@@SQL_MODE, SQL_MODE='NO_AUTO_VALUE_ON_ZERO' */;
/*!40111 SET @OLD_SQL_NOTES=@@SQL_NOTES, SQL_NOTES=0 */;

--
-- Table structure for table `attraction`
--

DROP TABLE IF EXISTS `attraction`;
/*!40101 SET @saved_cs_client     = @@character_set_client */;
/*!50503 SET character_set_client = utf8mb4 */;
CREATE TABLE `attraction` (
  `id` bigint NOT NULL AUTO_INCREMENT,
  `attraction_name` varchar(255) NOT NULL,
  `description` varchar(3000) DEFAULT NULL,
  `category_id` bigint DEFAULT NULL,
  `address` varchar(255) DEFAULT NULL,
  `transport` varchar(1000) DEFAULT NULL,
  `latitude` double(9,6) DEFAULT NULL,
  `longitude` double(9,6) DEFAULT NULL,
  `is_active` tinyint(1) NOT NULL DEFAULT '1' COMMENT 'Controls attraction visibility. 1 = Visible, 0 = Hidden',
  PRIMARY KEY (`id`),
  UNIQUE KEY `attraction_name` (`attraction_name`),
  KEY `category_id` (`category_id`),
  CONSTRAINT `attraction_ibfk_1` FOREIGN KEY (`category_id`) REFERENCES `category` (`id`)
) ENGINE=InnoDB AUTO_INCREMENT=62 DEFAULT CHARSET=utf8mb4 COLLATE=utf8mb4_0900_ai_ci;
/*!40101 SET character_set_client = @saved_cs_client */;

--
-- Dumping data for table `attraction`
--

LOCK TABLES `attraction` WRITE;
/*!40000 ALTER TABLE `attraction` DISABLE KEYS */;
INSERT INTO `attraction` VALUES (1,'新北投溫泉商圈','北投溫泉從日據時代便有盛名，喜愛泡湯的日本人自然不會錯過，瀧乃湯、星乃湯、鐵乃湯就是日本人依照溫泉的特性與療效給予的名稱，據說對皮膚病、神經過敏、氣喘、風濕等具有很好的療效，也因此成為了北部最著名的泡湯景點之一。\n\n新北投溫泉的泉源為大磺嘴溫泉，泉質屬硫酸鹽泉，PH值約為3~4之間，水質呈黃白色半透明，泉水溫度約為50-90℃，帶有些許的硫磺味 。\n\n目前北投的溫泉旅館、飯店、會館大部分集中於中山路、光明路沿線以及北投公園、地熱谷附近，每一家都各有其特色，多樣的溫泉水療以及遊憩設施，提供遊客泡湯養生。\n\n鄰近的景點也是非常值得造訪，例如北投溫泉三寶的吟松閣、星乃湯、瀧乃湯以及記錄臺灣第一家溫泉旅館的天狗庵史蹟公園，都有著深遠的歷史背景。\n\n而北投公園、北投溫泉博物館、北投文物館、地熱谷等，更是遊客必遊的景點，來到北投除了可以讓溫泉洗滌身心疲憊，也可以順便深入了解北投溫泉豐富的人文歷史。',7,'112 臺北市北投區中山路、光明路沿線','新北投站下車，沿中山路直走即可到達公車：216、218、223、230、266、602、小6、小7、小9、、小22、小25、小26至新北投站下車',25.137000,121.508530,1),(2,'大稻埕碼頭_大稻埕碼頭貨櫃市集','大稻埕原是平埔族的居住地，因萬華（艋舺）同安人發生激烈的械鬥，造成族人移至大稻埕定居，開始大稻埕淡水河旁商店和房屋的興建，淡水港開放後，大稻埕在劉銘傳的治理下成為臺北城最繁華的物資集散中心，當中以茶葉、布料為主要貿易交易，當時的延平北路及貴德街一帶便是商業活動的重心，也讓大稻埕早年的歷史多采多姿、令人回味。',3,'103 臺北市大同區大稻埕碼頭','捷運站名：雙連站，轉乘紅33(固定班次)於大稻埕碼頭站下車。公車：9、206、274、641、669、704至大稻埕碼頭站及255、518、539至民生西路口站，再沿民生西路底方向步行約10分鐘抵達。 開車：沿著環河北路依大稻埕碼頭入口指引便可抵達。',25.056400,121.507610,1),(3,'士林官邸_士林官邸公園','士林官邸公園約佔地12.9公頃，因所在地緊鄰中山北路，可快速直達總統府，並被福山山系所環抱，優越的地勢、絕佳的地理位置，故自民國三十九年起成為先總統蔣公日常起居之官邸使用。也因官邸設立於此的緣故，鄰近區域嚴禁改建及新建，使得官邸公園能維持原有的自然景觀，蟲鳴鳥叫、景色秀麗，是近郊休閒遊憩的絕佳場所。\n1996年，官邸首度開放市民觀賞園藝與休憩使用。玫瑰園，是蔣夫人最喜愛的花園；西式庭園中浪漫美好的風光，是新人婚紗照最常取景的地方；中式庭園裡的拱橋、曲池、流水等東方庭園造景，則令人彷彿置身古代中式庭院。\n官邸公園主要分為露天音樂臺、玫瑰園、主題園區、內花園、正館、踏青區、西式庭園、中式庭園、凱歌堂、新蘭亭、園藝展覽館和慈雲亭。每年3月可在蔣夫人最喜愛的玫瑰園內，欣賞近100種、約2,000株的玫瑰盛開；主題園區、踏青區則是每年菊展、鬱金香展精心規劃的重點展區；在西式與中式庭園則可欣賞到美麗的當季草花花壇；新蘭亭、園藝展覽館依照不同時節亦有不定期的園藝花卉植栽展出，全年各式花卉輪番上陣，接力歡迎各位的到訪。\n凱歌堂為蔣家人禮拜及受洗之處。新蘭亭建於民國三十九年，又名壽亭，為中式四角狀建築，是每年蔣公作壽的地方，也是舉辦各類花卉展覽之地。慈雲亭建於福山之上，為兩層樓方形亭，是老總統為懷念母親所建。\n士林官邸每年年初及年末都會舉辦各式花展，像是鬱金香展、玫瑰花展、蝴蝶蘭展、菊展&hellip;等，而最為廣為人知的就是菊展和鬱金香展，利用花卉搭配上園區造景，打造出色彩繽紛的展場。\n\n菊展\n接近秋冬的11至12月就是全台知名花展之一的菊展。藉由大立菊、造型菊、小菊及菊科草花搭配每年不同主題的展場造型物與園藝造景，將士林官邸打造成大型花園，吸引各地遊客前來觀賞。\n\n鬱金香展\n每年春節過後的2月為士林官邸鬱金香展，展出超過10萬株來自荷蘭及日本鬱金香花海，並設置異國裝置藝術，讓人彷彿置身於國外。\n\n士林官邸公園於民國八十五年正式開放民眾參觀，為提供更多更好的服務，也積極加強各項的整理規劃及建設，成為臺北市區中另一處供民眾休憩的景點。',4,'111 臺北市士林區福林路60號','捷運：淡水線士林站（2號出口出站後左轉，步行約10分鐘）公車：「台電北區分處站」203、220、260、280、285、304、310、606、612、646、中山幹線、休閒公車109「小北街站」203、216、218、220、224、250、260、266、277、279、290、304、310、606「士林官邸站」203、279、310',25.093037,121.532393,1),(4,'國立故宮博物院','國立故宮博物院於1965年在外雙溪落成，中國宮殿式的建築，一至三樓為展覽陳列空間，四樓為休憩茶座「三希堂」，藏有全世界最多的中華藝術寶藏，收藏品主要承襲自宋、元、明、清四朝，幾乎涵蓋了整部五千年的中國歷史，數量達65萬多件，國立故宮博物院擁有「中華文化寶庫」的美名。國立故宮博物院除了展覽品豐富以外，提供中、英、法、德、日、西、韓等七國語言專業導覽，並定期舉辦各類文物研習課程、專題演講及巡迴展出活動，出版百種以上的刊物及專輯，實為世界的文化寶地，國立故宮博物院是來臺灣旅遊的必訪之地。 ',8,'111 臺北市士林區至善路二段221號','搭乘捷運淡水線至士林站下車，轉乘 紅 30（低地板公車） 往故宮博物院至本院正館門口下車。或轉乘公車 255、304、815（三重-故宮博物院）、小型公車 18 、小型公車 19  於本院正面廣場前下車。 搭乘捷運文湖線至大直站下車，轉乘 棕 13 往故宮博物院至本院正面廣場前下車。或搭乘捷運文湖線至劍南路站下車，轉乘 棕 20 往故宮博物院至本院正館門口下車。',25.102360,121.548490,1),(5,'臺北市立圖書館北投分館','臺北市立圖書館北投分館是臺灣首座綠建築圖書館，座落於林木茂密、生態環境豐富的北投公園內，與溫泉博物館比鄰而居，地下一層、地上二層，總面積650坪的圖書館。室內書香，戶外鳥語，相映成趣，閱讀成了一件愜意、享受的活動。\n\n館內藏書達上萬冊，並以「生態保育」為館藏特色，琳瑯滿目的知識寶藏使愛書人來到這猶如置身於書香天堂。室內閱讀區桌椅經過精心設計，與建築相呼應；室外則有木棧道桌椅和閱讀平台，邊閱讀邊感受著微風徐徐吹過，與大自然一起沉浸在書的世界。想歇息時走到戶外，看著一整片樹林綠意盎然，還有生態荷花池，不只能帶走眼睛疲憊，連身心都得到放鬆。\n\n屋頂為輕質生態屋頂，設有太陽能光電板發電，可發電16千瓦電力，並採大量陽台深遮陽及垂直木格柵，減少熱輻射進入室內，降低耗能達到節能效果。綠化屋頂及斜坡草坡設計可涵養水分自然排水至雨水回收槽，再利用回收水澆灌植栽及沖水馬桶，達到綠化與減低水資源浪費。\n\n建物使用木材及鋼材，建材皆可回收再利用，減少廢棄物對環境的破壞。在室內健康與環境指標方面，對於木材建材除做白蟻防治外，並使用生態塗料及免除不必要的裝修工程，降低污染及有毒物質的釋放，避免影響人體健康。\n\n來到北投，除了可以泡溫泉，也可以來享受書香與綠意融合的森林浴！\n&nbsp;\n\n\n臺北市立圖書館北投分館(中文簡介影片)\n\n&nbsp;\n&nbsp;',8,'112 臺北市北投區光明路251號','新北投站下車，沿中山路直走即可到達公車：216、218、223、230、266、602、小6、小7、小9、、小22、小25、小26至新北投站下車',25.136530,121.506380,1),(6,'陽明山溫泉區','陽明山舊稱草山，因紀念明朝學者王陽明而改名為陽明山，它是臺北的都市後花園，位居近郊，是大家很方便就可以遠離塵囂，休閒的好去處。由於它位居火山地帶，特殊的火山地形及地質構造，造就了這一區的溫泉景觀。陽明山溫泉大致可分為4個區域：陽明山國家公園周邊、冷水坑、馬槽及火庚子坪，由於地熱運動頻繁，這4個區域溫泉所含的礦物成分都不同，使得其水溫、泉質與療效也大不相同。 陽明山位於大屯火山區，溫泉在陽明山風景區內，分前山溫泉和後山溫泉兩塊，有很多溫泉旅館，加上山上眾多風景區和美食，很適合兩天一夜的登山遊園泡湯之旅。',7,'臺北市  北投區竹子湖路1之20號','捷運站名：捷運劍潭站，轉乘260、紅5公車至陽明山站。公車：109、260、260(區間車)、小9、小9(區間車)、紅5至陽明山站。',25.155790,121.547742,0),(7,'關渡_金色水岸_八里左岸自行車道','基隆河溫柔地擁抱著社子島，在匯入淡水河前，劃開一道優美的弧線。在其北岸，磺港溪以西的這片土地，是繁華臺北裡一方珍貴的田園綠洲。這裡的稻浪隨風搖曳，一路綿延至河口的紅樹林保護區，彷彿一條綠色廊道，將都市的喧囂隔絕於外。\n\n騎著單車穿梭其間，最能領略早期農村那份樸實與自在。當夕陽餘暉灑落，漫步於堤岸，晚風輕拂，鳥鳴啁啾，遠方關渡自然公園的蓬勃生機盡收眼底，交織成一幅充滿野趣與浪漫的閒適畫卷。\n\n此處的自行車道為開放式路徑，西起關渡宮，沿著防潮堤向東，至八仙福德祠後轉往北方，穿越遼闊的關渡平原，直至北投中央北路。步道的終點，便是政戰學校西側的稻香路。若是無法自行攜帶單車的遊人，不妨以關渡宮為起點。這裡靠近捷運站，租借單車或協力車都相當方便。隨著時間推移，宮前的河堤轉變為平坦的人行步道，原先停泊於中港河的漁船也移至淡水河邊，呈現出另一種開闊、清新的水岸風情。',2,'112 臺北市北投區關渡水岸腳踏車道','捷運站名：唭哩岸站或北投站沿中央南路、大業路往大度路方向騎乘，約15分鐘便可抵達腳踏車道頂八仙社區入口，或由捷運關渡站轉乘小23，於關渡宮站下車反向騎乘。1.公車：218、266、302，於大業路站下車，循大度路方向進入及扺達腳踏車道入口，也可從知行路關渡宮方向及反向騎乘。 2.汽車：由臺北市區前往，可沿承德路北行，至七段與大業路交岔路口即底腳踏車入口，若從知行路關渡宮方向進入，停車問題比較容易解決。',25.113823,121.480025,1),(8,'大安森林公園','大安森林公園佔地約26公頃，於民國八十三年三月二十九日啟園。雖位於台北市區中心，但卻是一個草木濃密的生態公園，以「都會森林」的型態成為台北市的都市之肺。公園內除有綠樹成蔭之外，更有花壇處處，每逢花開時節色彩繽紛，令人賞心悅目。公園外人行道則以綠樹與道路區隔，臨建國南路為盾柱木，臨和平東路為樟樹、臨新生南路為白千層、臨信義路則為榕樹，人行道中央還植有楓香樹，呈現多層式綠籬景觀。此外，各種休憩設施如行人座椅、涼亭、音樂舞台、慢跑道……等各種設施相當完善，公園下方並設置有地下停車場以方便開車前來的民眾，已成為台北市民休閒最佳場所之一。捷運大安森林公園站號稱是「臺北最美捷運站」的大安森林公園站，以「森林轉運—都會與公園的對話」為車站設計主題構想，闡明都會公園所營造之自然特性。整體建築、景觀設計，主要結合緊鄰在旁而面積達25.8公頃的大安森林公園，以「引進陽光、綠意」之地下車站進行設計，其中並包含陽光大廳、下凹庭園、光廊、光塔等。設計中透過充分結合大自然的元素「楊光與森林」，展現出自然中豐富的生命力與奧妙，再透過不同層次空間的塑造及轉換，令身處其中能產生體驗、體悟上的驚喜。空間的內涵，則展現出中國文化天人合一、圓融自在的意境。資料來源：臺北捷運',6,'106 臺北市大安區新生南路二段1號','1、公車：建國南路：298新生南路：0南、72、109、211、280、290、311（藍）、505、642、642（綠）、668、672、675、松江幹線 和平路段：3、15、18、72、74、211、235、237、278、295、662、663、和平幹線信義路段：0東、20、22、204、38、信義幹線、指南客運3號至「大安森林公園」站下車即達。2.自行開車：下松江交流道，接建國南路高架後於信義路出口右轉可抵。3、停車資訊：附有地下停車場(2709-2940)',25.032440,121.534900,1),(9,'地熱谷_地獄谷_鬼湖','地熱谷位在北投溫泉公園旁邊，是北投溫泉的源頭之一，因為終年瀰漫著硫磺煙霧，讓人聯想到恐怖的地獄，所以又被稱為「地獄谷」或「鬼湖」。這裡的溫泉是大屯山火山群內水溫最高的溫泉，硫磺煙霧濔漫的景色，如夢似幻，有如仙境一般，是日治時代臺灣八景十二勝之一。\n\n地熱谷中的石頭具有放射性元素「鐳」，叫做「北投石」，是世界數千種礦石中，唯一用臺灣地名命名的礦石，目前只有臺灣北投和日本玉川有這種礦物。最近幾年為了復育北投石，成立北投石保護區，來此參觀，除了能感受到溫泉鄉的情懷，更能對這獨特的礦石有更深入的瞭解。\n\n地熱谷的泉水溫度約在80℃至100℃之間，屬於鹽酸酸性泉，溫泉水質酸鹼度很高，具有腐蝕性，俗稱「青磺泉」和「磺水頭」。之前常有遊客在地熱谷利用高溫的泉水煮「溫泉蛋」，不過近年來為了保護溫泉的水質，並且避免遊客在此跌倒發生意外，已經禁止民眾在地熱谷煮蛋了！來地熱谷玩，可別再帶著食物前往，以免掃興囉！\n\n現在的地熱谷經過改造後以嶄新風貌重現，建置環湖步道以及設置溫泉體驗設施，包含入口意象手湯(淨手礦泉湯)、大斜面設計的愛情座椅。遊客可以沿著新建置的環湖步道漫步一圈，體驗大自然的蒸氣Spa，搭配園區植栽美化，展現仙境般全新風貌。',7,'112 臺北市北投區中山路','新北投站下車，沿中山路直走即可到達公車：216、218、223、230、266、602、小6、小7、小9、、小22、小25、小26至新北投站下車',25.137760,121.511620,1),(10,'南港山系_象山親山步道','象山海拔183公尺，步道全長1450公尺，全程約需1小時40分。因外形似象頭而得名，位於臺北盆地東南方的信義區，與虎山地質相同主要由砂岩組成，因造山作用步道中可見黃褐色陡峭的岩壁與巨石，加上自然環境生物、鳥類種類繁多，使得整座山如同一座天然生態樂園般，成為民眾接近淺山、享受戶外綠林悠閒時光的好去處。\n\n象山擁有稜線、岩壁、山坡、山窪、山谷等各種不同微環境，因而孕育出數十種蕨類。蕨類在象山處處可見，有的附著在樹幹上，有的長在岩石、坡地上，有的密佈在潮濕的林下。其中金狗毛蕨族群龐大，數量居臺北市之冠，在過去醫藥不發達的年代，它可是民間用來止血的最佳良藥。\n\n另外在開闊、向陽且潮濕山窪區，還有自侏儸紀時期就存在的古老蕨類「筆筒樹」。筆筒樹群聚可是臺北市區最珍貴的生態特色，因為筆筒樹成群林立的現象，全世界只有臺灣北部才能看得到。\n\n象山位在四獸山步道系統中最高點，由於前方無屏障，登高遠望視野遼闊，不僅信義商圈一覽無遺－101金融大樓、世貿中心、華納威秀、新光三越等醒目建築歷歷可數，臺北盆地風光也盡收眼底。其尾稜延伸嵌入信義區中強公園，成為當地居民晨昏散步的最佳去處，也是近山民眾假日休閒、舒緩身心的綠色地帶。\n\n六巨石\n象山上巨石林立的奇特景象，又稱老萊峽。從這裡攀上巨石可以一覽繁華的信義商圈，是一處熱門的拍照景點，清晨上山可以欣賞臺北101大樓在晨曦中初醒的景象，黃昏更可欣賞信義區都會華廈，夕陽餘暉西下、華燈初上的夜晚景象，十分亮麗耀眼。\n\n逸賢亭（象山頂）\n位於逸賢亭象山頂、六角亭旁步道盡頭的平台，視野展望極佳，可以欣賞象山的全貌，尤其是象頭與象鼻頗具傳神。鼻樑處即為永春高中，長長的象鼻子則是稜線深入松山路與松德院區之間的平台。\n\n一線天\n象山親山步道近松德院區方向有處名為一線天駐腳點，因兩壁山脊線十分接近，巨崖岩壁突出遮天，山友自步道仰頭望天，只見崖壁縫隙間的天空又窄又細，因而稱為一線天。\n\n至於鳥瞰台北盆地的最佳位置，自然是位於稜線上、視野開闊的「超然亭」；有此「超然」名號，便是因為由此觀景居象山眾涼亭之冠。站立於超然亭的平台上，近可見山下的信義計畫區，放遠望去則是圓山、北投焚化爐、觀音山及大屯火山群各景點，不論是跨年或國慶日施放煙火，不少人還會特地來此觀賞花火綻放，足見其魅力所在。\n\n繞行到巨石公園階梯附近，有一塊碩大的巨石，上面有人為雕刻出來的石階，可拾級而上眺望臺北盆地。一路前行間，由左側山腰、山脊再下到右側山腰線，從不同角度俯瞰臺北盆地之美，象山迷人之處盡在其中。\n\n步道沿途都設有解說牌，引導親山訪客認識整個山頭的特色，所以這裡也是最受歡迎的自然教室。一路上不愁沒有生態導覽，只要「按圖索驥」，自己就是山林解說員。\n\n潮濕的環境中，蝸牛的族群也十分可觀，像是斯文豪氏大蝸牛、煙管蝸牛，幾乎在整個山區都看得到。這本是低海拔的原始闊葉林，生態豐富多元，綠意萬千的山林，還有更多的驚喜等待你自己慢慢去發掘呢！\n\n登上象山之後，如果你的體力充沛，或是想伸展筋骨，步道兩旁還有許多強體力及肺活量的體能設施，只見大夥在山頂的逸賢亭打個尖、做個操，還有精力無窮的小朋友穿梭其間，運動休閒一兼二顧，很適合全家來活動。',6,'110 臺北市信義區信義路五段150巷22弄','1.捷運象山站下車，往信義路五段中強公園方向步行，約15分鐘抵150巷22弄登山口。捷運永春站下車，往松山路永春高中方向步行 ，約25分鐘抵永春崗公園。2.公車33.46.207.612.621.277.博愛公車至「信義行政中心站」下車，或搭33.299至「永春高中站」下車沿五段150巷進入。',25.027381,121.570952,1),(11,'艋舺龍山寺','艋舺龍山寺，為臺灣的市定古蹟，亦稱萬華龍山寺或簡稱龍山寺，與臺北101、國立故宮博物院、中正紀念堂並列為外國觀光客至臺北旅遊之4大勝地。龍山寺主祀的神明是觀世音菩薩，在建築上為獨具特色的中國古典3進4合院傳統宮殿式建築，由前殿、正殿、後殿及左右護龍構成，在正面牆堵精雕細琢，圖像生動，故事多出自三國演義和封神榜，並加以中國吉祥圖案裝飾，美不勝收，寺內有各式石雕雕琢的藝術作品，屋頂也相當具特色，採用歇山重簷式，而在裡面屋簷的交界之處，不用一釘一鐵，全寺屋頂脊帶和飛簷由龍、鳳、麒麟等吉祥動物做造型，裝飾以彩色玻璃瓷片剪粘和交趾陶，色彩瑰麗，堪稱臺灣特有剪粘藝術之精華。 另外龍山寺是參拜包括佛、道、儒三教重要神祇，主要可分為前殿、大殿、後殿3個殿，此外可細分為許多廳，共有神祇百餘尊，7個香爐，讓你可以選擇你所信仰的神祇，自由進行參拜。',5,'108 臺北市萬華區廣州街211號','捷運站名：龍山寺站1.公車：0西、25、38、49、65、310至龍山寺站 2.停車資訊：艋舺公園地下停車場 萬華區西園路1段145號',25.037316,121.499863,1),(12,'行天宮','行天宮是北臺灣參訪香客最多的廟宇，一天進出人數可達萬人之多。行天宮在神祇的奉祀上傾向多神，主要信奉的5個恩主為關雲長、八仙之一呂洞賓、灶神張單、道教三十代天師王善以及宋朝名將岳飛，所謂的「恩主」是鸞堂信仰的名詞，也就是「救世主」的意思。5恩主以關雲長為首，因此臺灣一般民眾亦稱關雲長為恩主公，於是也就經常順勢稱行天宮為「恩主公廟」。 行天宮自落成以來，之所以會成為大臺北地區，甚至是整個北臺灣參訪人數最多的廟宇，除了信仰普遍受到民眾接受外，還有一些特色包括：不設功德箱、不供拜牲禮、不焚化金紙、不收受金牌、不演戲酬神不設乩扶鸞、不對外募捐及禁止商業行為。廟宇地點位於市中心，且有的寬敞的廟埕，並率先成立宗教性的財團法人機構，確立其社會公益的屬性。行天宮除了包含台北本宮與三峽、北投兩間分宮在內的宗教事業，以及成立於1995年的「財團法人行天宮文教發展促進基金會」之外，還設有兩座附設圖書館（分別位於臺北市中心與北投）以及位於三峽的恩主公醫院，其公益性可見一般，使得宗教不只撫平民眾內心，也實質的助益了民眾的日常生活。',5,'104 臺北市中山區民權東路二段109號','捷運站名：1. 蘆洲線行天宮站 3號出口2. 淡水線民權西路站轉搭公車41、225、225(區間車)、63(區間車)、紅32至民權松江路站或行天宮站。3.文湖線中山國中站轉搭公車74、63區間車至行天宮站或民權松江路口。公車：5、26、41、49、49區間車、63、63區間車、72、74、109、203、214、214直達車、222、222區間車、225、225區間車、226、277、279、280、280直達車、285、286、286副、298、505、527、612、612區間車、617、617區間車、642、642綠線、643、676、685、內科通勤專車18、松江幹線、松江—新生幹線、紅29、紅31、紅32、棕16、博愛公車、敦化幹線至民權松江路站或行天宮站。',25.063080,121.533900,1),(13,'梅庭(目前暫停開放)','※梅庭目前進行修復再利用工程，於113/5/28起閉館整修，預計115年開館\n\n「北投梅庭」約建於1930年代末期，是一棟見證戰爭時代與順應北投風土而建的和洋式別莊。屹立在北投公園近百年，自日本時代起，所有者包括日本總督府、陸軍大臣、台北州，1945年二次世界大戰後，主要作為私人住宅使用，2006年因其建築特色登錄為臺北市歷史建築。\n\n順地勢臨靠北投溪而建，將建物南側之山景與北投溪流結合為一，上層為日式木構架，下層為RC構造(鋼筋混凝土建築Reinforced Concrete)之地下室，作為防空避難室用，在當時代的日式街屋裡，顯得獨特與具有歷史價值。外門柱有書法家于右任題字之「梅庭」門牌，庭院內有受「臺北市樹木保護自治條例」保護之臺北市保護樟樹(編號1679)，週邊圍牆以停採之「唭哩岸石」為建材，屋內空間配置講究，利用北投豐富的地熱資源，曾設置「溫泉浴室」， 建有「閣樓」瞭望、儲藏物品，並有調節室內溫度、排濕防潮功能，同時也作為下層樓面的天花板以及支撐建築主要結構所在；玄關處貼有「釉面馬賽克」磁磚加上洗石子的門柱，彰顯工藝之美，牆面上的「八角窗」設計，為日本時代興起之擬洋風裝飾，內斂雅致，更是顯出富有有時代感與建造之美。\n\n2021年由臺北市文化局委任台北市文化基金會營運維護，為提升文化資產再利用與在地推廣，未來將延續北投特有的人文特色，透過藝術展覽、教育活動，創造歷史人文與藝術文化相結合的樂活空間。',8,'112 臺北市北投區中山路6號','捷運新北投站下車，沿中山路直走步行約7分鐘即可到達公車：216、218、223、230、266、602、小6、小7、小9、、小22、小25、小26至新北投站下車',25.136930,121.508770,1),(14,'國立中正紀念堂','中正紀念堂是為了紀念中華民國第一任總統蔣介石，他於1975年逝世，次年行政院就破土開建中正紀念堂，設計師是設計圓山大飯店的楊卓成。\n\n紀念堂原址是陸軍總部，當時是臺北市區內最大的軍區，據說從大陸運過來的黃金，就曾經存放在這個地方。紀念堂採用的藍白兩色，是國旗上面主要的顏色，紀念堂頂部天穹的裝飾是青天白日12道光芒，銅像朝西面對總統府和中國大陸，其中都有特殊的意義。隨著民主演進思想開放，紀念堂前的廣場已成了民主運動的集會場。\n\n位於中正紀念堂左右兩側的國家音樂廳與國家戲劇院。戲劇院為戲劇、舞蹈等表演活動的場地，經常舉辦大型的表演活動，包括京劇、戲劇、兒童節目等；音樂廳是臺灣最具水準的音樂展演空間，經常舉辦室內樂，交響樂等大型的音樂活動。而兩廳院前廣場也會不定時舉辦戲劇、音樂活動，吸引眾多遊客前往欣賞。\n\n白牆藍瓦，70公尺高聳立在紀念公園的中央，不論從哪個角度看過去，都很宏偉。國外觀光客來到臺灣，不論行程如何排，都一定會到這裡來參觀一下。紀念堂的下方有陳列和展覽，也有紀念品販售。',8,'100 臺北市中正區中山南路21號','捷運站名：中正紀念堂站5號出口公車： 3、15、18、20、22、37、204、208、214、236、248、249、251、252、261、263、270、293、297、64、648、660、621、623、630、651、670、671、信義線等線在中正紀念堂站及南門市場下車，或搭乘新店客運、指南客運至中正紀念堂站及南門市場站 停車資訊：國立中正文化中心地下停車場嘟嘟房中正紀念堂站 中正區中山南路21-1號B1',25.036190,121.518680,1),(15,'台北探索館','身為臺北人，你知道臺北事嗎？歡迎來到台北探索館，瞭解臺北的大小事。台北探索館有4個樓層，1樓為臺北印象廳，以圖文、影像呈現臺北印象；2樓為特展廳，常舉辦相關展覽；3樓為城市探索廳，可看到臺北街道如凱達格蘭大道、中山北路、敦化南北路、忠孝東路等，和西門町、信義區的變遷史；4樓為時空對話廳，有互動裝置，仿古城牆的基石、圖片、文物及模型設施，想瞭解艋舺、大稻埕、臺北城、淡水河的身世，來這裡準沒錯。 發現劇場的360度的大螢幕，放映「城市身世」、「城市生活」、「城市風采」、「台北好時光」等4部影片，提出各種關於臺北市的故事與思索，適合各種不同年齡層的民眾，來此探索。民眾來參訪台北探索館前也可以先在網路上觀看展館的雲端虛擬實境喔！網址：https://vr.taipeitravel.net',8,'臺北市  信義區市府路1號1-4樓','捷運站名：板南線市府站2號出口，走基隆路再走市府路即可到達.松智路站：277、46、266副、699、28、537、博愛公車。松壽路站：665、20、284、647、650、202、621、611、612、266、28、281、245。市府路站：245、261、311、202、263、270、266、651、281、28、537、612。捷運接駁：藍5，於「市政府站」下車；藍7，於「捷運市政府站」下車。',25.037580,121.563760,0),(16,'竹柏參道','位於臺北市文山區，除了聞名的指南宮外，還有一條低調卻令人流連忘返的步道「竹柏參道」。這條步道沿途被竹柏林包圍，綠蔭遮天，環境靜謐幽深，不僅是登山健行的好選擇，也是一處遠離都市喧囂的世外桃源。\n竹柏參道的名稱來自於兩側茂密生長的「竹柏」，這是一種常綠喬木，葉片細長如竹，卻帶有柏樹的特性，因此得名。沿途樹影搖曳，四季常青，無論是晨間的陽光灑落還是雨後的霧氣繚繞，都為步道增添了一份詩意與靜謐氛圍。\n\n步道沿途可見一些歷史遺跡，如石燈籠與古老的石亭，見證了這條道路百年來的變遷。參道鋪設平整，坡度適中，適合各個年齡層的遊客步行，步道中段有幾處休憩平台，可供遊客短暫休憩，靜靜感受山林間的蟲鳴鳥叫。\n\n參道兩側設置夜間光環境，以柔和、自然的燈光設計營造寧靜且富有禪意的氛圍，兼顧行走安全與視覺美感，使夜間步行更具沉浸感與儀式感。\n\n竹柏參道一年四季皆適合造訪，夏季有濃密樹蔭遮擋烈日，冬季則少見寒風刺骨的情況。步道沿線無商家，建議攜帶足夠的飲水與輕食補給。若計畫長距離健行，可搭配指南宮或貓空的茶館作為終點，品味當地特色茶點，為旅程畫下完美句點。',6,'116 臺北市文山區指南路三段33巷','捷運站名：捷運動物園站下車，轉乘公車236、237、282、611、棕3、棕6、棕11、棕15、綠1、小10於政治大學站下車，往指南路方向步行，經政治大學校門口（指南路二段）續行可抵指南路三段33巷登山口。1.公車236、237、282、530、611、小10、棕3、棕5、棕6、棕11、棕15、綠1、指3於政治大學站下車，往指南路方向步行，經政治大學校門口（指南路二段）續行可抵指南路三段33巷登山口。 2.返程可自茶研發推廣中心步行至三玄宮旁搭乘貓空纜車返回捷運動物園站，搭乘捷運木柵線回家。',24.980859,121.585020,1),(17,'北投溫泉博物館','這座早在日據時代就享有盛名的溫泉公共浴場，有著英國都鐸時期的鄉村建築風格，沉穩的紅色磚牆與黑色的瓦與綠蔭相稱，是個讓人放鬆休憩的好地方。1樓的羅馬拱柱環繞浴池，陽光穿過彩色玻璃，投影出異國情調。2樓的和室格局、日式地板，搭配著空氣中淡淡的溫泉味，昔日的氤氳時光，彷彿就在眼前重現。在當地人士的努力奔走下，這棟古蹟被保留下來，變身為今日的北投溫泉博物館，成為認識北投的最佳入門。館內主要介紹北投的歷史及發展，包括凱達格蘭族的足跡、大屯燒、鹹草、臺灣好萊塢、北投石、溫泉由來等等。館外的露天劇場則有不定期的表演活動，成為一個另類的社區活動中心。北投溫泉博物館不但是歷史的珍貴記憶，更深刻凝聚著北投居民對這片土地的感情。',8,'112 臺北市北投區中山路2號','新北投站下車，沿中山路直走即可到達公車：216、218、223、230、266、602、小6、小7、小9、、小22、小25、小26至新北投站下車',25.136580,121.507150,1),(18,'琉園水晶博物館(暫時休館)','琉園水晶博物館為臺灣第一座水晶玻璃博物館，館內1樓為吹製工作室、玻璃教室、琉園經典區。館內2樓為中西玻璃藝術史、玻璃技法展示區、脫蠟鑄造展示區、國際玻璃藝術典藏展。 在這裡，除了可以了解中西玻璃藝術史、清楚玻璃製作技法、看到當代國際玻璃藝術大師的作品，還可以親身經歷玻璃製程，有現場的玻璃吹製示範，還有各類玻璃藝術創作教學課程。琉園的基礎課程並不艱澀，如教你製作個性杯及玻璃動物，參加進階吹製課，則可以做出花朵、昆蟲，或人體造形的紙鎮、水杯、瓶子等等。面對1150℃的熔爐，製作出一個美麗的成品，你會發覺玻璃藝術之美其實得之不易。tittot就是剔透，琉園的作品清澈透亮，色彩繽紛，每一樣都是獨一無二的藝術品。歡迎大家來到琉園參觀。',8,'臺北市  北投區中央北路四段515巷16號','捷運站名：關渡站1號出口左轉往臺北方向，沿著捷運軌道直走到底，右轉，步行5~6分鐘1.公車：216（副）、223、302、308、632、新店指南客運至志仁高中站 2.車位：館內花園可停車',25.127255,121.468942,0),(19,'華山1914文化創意產業園區','「樺山」之名是從日據首任臺灣總督「樺山資紀」而來，今華山1914文化創意產業園區當時就位於樺山町。華山1914文化創意產業園區的前身為「臺北酒廠」，創設於日據時期1916年，原為民營，後由殖民政府收買，稱為臺灣總督府專賣局臺北酒工廠，光復後，由政府接收，改名為臺灣省專賣局臺北酒工廠，1949年，因專賣局改制為菸酒公賣局，又改名為臺灣省菸酒公賣局臺北第一酒廠。1987年4月1日，酒廠遷至新北市林口工業區，舊廠房經藝術家爭取，現在是展演活動的場地。華山1914文化創意產業園區的原有空間有高塔區、米酒作業場、四連棟（紅酒貯藏庫）、再製酒作業場等等建築，都具有歷史意義。現在由臺灣文創發展股份有限公司接手經營管理，開放為創意設計品的展售商店，提供給藝文界、非營利團體與表演團體使用，園區內也新增許多美味餐廳和極具特色的濃情懷舊小酒館，儘管經過修整卻還保有倉庫舊建築的特色，成為臺北市的著名景點。另經由再製酒作業場改建的Legacy則是近年崛起的live house，為許多音樂人愛用的展演空間，吸引不少藝文愛好者走訪。 ',8,'100 臺北市中正區八德路一段1號','捷運站名：忠孝新生站1號出口步行約3-5分鐘，或善導寺站6號出口步行約5分鐘。1.公車： 205、232、262（區間車）、276、299、忠孝新幹線至審計部站（忠孝東路）下車，步行約 3 分鐘，232、232(副)、605、605(副)、605(新台五線)、665至忠孝國小站，669至華山公園站下車。 2.停車資訊：金山南路橋下停車場及收費停車場 應安八德停車場 中正區忠孝東路2段93號對面空地 園區提供24小時停車服務，平日每小時30元，假日每小時50元。',25.044130,121.529400,1),(20,'長榮海事博物館','長榮海事博物館的設立是長榮集團總裁張榮發先生多年來的心願，希望藉由海事博物館闡述張總裁與海洋的深厚情感及推廣台灣的海事教育。這是一間以海事為主題的博物館，適合不同世代、不同族群來館參訪。 館內大量收藏了種類豐富的模型船，從遠古人類以挖鑿方式建造的獨木舟，到西方所發展的各式帆船、機械動力船、工作船；還有展現台灣海島民情的竹筏，以及具有宗教信仰意義的王船等。其次，館中亦展出為數不少以海洋為背景的畫作，年代橫跨18到20世紀，從烽火連天的戰爭場景到波光瀲灩的海上帆影，可逐一欣賞各時代畫家筆下別具風情的海洋景象 。此外，長榮海事博物館亦有航海探索區。配合航海儀器及多媒體互動展示，讓觀眾親身體驗海上航行的相關知識 。',8,'100 臺北市中正區中山南路11號','捷運站名：中正紀念堂站5號或6號出口步行約15分鐘，台大醫院2號出口步行約7分鐘1.公車：214、245、261、263、270、37、621、630、651公車，於仁愛中山站下車，214、214直達車、245、249、261、263、270、37、621、630、651公車，於仁愛林森路口站下車，0東、20、204、22、237、38、670信義試辦公車，於信義林森路口站下車，15區間車、15萬美線、208高架線、208基河二期國宅線公車，於景福門站下車 2.車位：館內備有地下停車場，可供中小汽車停放',25.038720,121.518710,1),(21,'台北101','台北101購物中心為地上5樓，地下1樓的購物空間，23000坪，是臺灣首座國際頂級購物中心。擁有許多精品旗艦店，如BALLY、LV、Prada、Gucci、Cartier、DIOR及FENDI等，消費者可以享受到最多樣的選擇，與全球流行零時差，輕鬆擁有愉悅的購物時刻。 臺北101購物中心有歐式、日式、泰式、中式等各國風味美食餐廳，如代官山居食屋、晶湯匙泰式料理、隨意鳥地方、九如浙江美食、川滇食尚等，美食街擁有上千個座位，非常舒適的用餐環境。4樓都會廣場擁有完美的空間設計規劃，佔地500餘坪，挑高40米。採光自然，與四周的露天座椅融合為一體，散發著明亮開闊的現代氛圍。與世貿中心和ATT 4 FUN購物中心有空橋連接，近君悅飯店，交通十分方便。 ',1,'110 臺北市信義區信義路5段7號','1.捷運：信義線「台北101站」4號出口或板南線「市政府站」2號出口步行約10分鐘2.公車：搭乘至市府站、世貿站、信義行政中心、君悅飯店路線之公車1、20、22、28、32(區)、33、37、38、46、202、207、226、266、277、281、282、284、288、292、537、611、612、621、625、647、650、651、665、669、902、信義、博愛、藍5、藍10、板基線3.車位： 松智路及市府路各二處停車場出入口TAIPEI 101 Mall B2-B4 共1100個車位週邊 500公尺內共15座停車場',25.033610,121.564760,1),(22,'袖珍博物館','「不是你變大了，而是在這裡世界都變小了。」在林文仁、林楊錦梅夫婦創辦的袖珍博物館，不僅將興趣融入生活，也將這個充滿驚喜、細膩的小小世界搬回國內，賦予每位參觀者都能擁有美夢幸福的感受。在館內，可以看到林文仁夫婦走訪各國蒐集的珍貴收藏、欣賞歐美各國袖珍藝術家的作品。 目前館藏品已高達200餘件，其中包括了創辦人的第一件收藏，由茅屋蓋成的英國鄉村風格建築「鄉村茶廊與古董店」；以120 分之1的比例製作，麻雀雖小卻五臟俱全的全館最小作品「樹上礦坑」；充分展現袖珍技術與創意巧思，最富麗堂皇的作品「白金漢宮」……種種精巧作品，令人看得嘖嘖稱奇。從古時候貴族到平民，大人和小孩都喜歡的袖珍屋，有機會一定要來看看這個夢想空間。',8,'104 臺北市中山區建國北路一段96號B1','捷運站名：1. 中和蘆洲線至松江南京站2. 文湖線南京復興站，沿南京東路往圓環方向至建國北路左轉，步行約10分鐘.1.公車：46、248、254、266、279、282、288、292、306、307、604、605、622、652、668、675、711、紅25、棕9至南京建國路口，41、52、202、203、205、257至中山女中 ，5、41、49、72、203、290、505、527、642、643至南京松江路口 2.客運：臺汽客運：基隆～三重線(經高速公路)，基隆～中壢線 3.停車資訊：建國北路高架橋下停車場 中山區建國北路高架橋下',25.050350,121.536140,1),(23,'新店溪河濱自行車道','這段由大稻埕碼頭沿著延平河濱公園所興建的自行車道，在遊騎之餘還可以走訪相鄰的文化古蹟，在動靜相宜的休閒活動中，既可強身還可陶醉於文化洗禮。周邊著名的文化觀光景點，如迪化街、霞海城隍廟、林柳新紀念偶戲博物館、酒泉街方向的臺北孔廟、保安宮等景點，從中體驗文化饗宴。\n\n沿途景觀包括大稻埕碼頭咖啡廣場、唐山帆船造景、碼頭拱橋、淡水河遠眺等，還結合藍色公路航線，帶著腳踏車一起前進到關渡碼頭，甚至淡水漁人碼頭、八里左岸等，享受多樣之河濱遊憩樂趣。這段自行車道在華江橋之後便進入新店溪沿岸，橫跨新店溪的多座橋更可帶領您進入大漢溪沿岸的自行車道，因為周圍的建築物林立，更凸顯這片河畔公園的可貴，新店溪、大漢溪的沿岸景色，充滿「城市中的綠地」的感覺，這一長串的河濱公園，穿越了鶯歌、土城、板橋、中永和、新店，每年的10月到隔年3月，更可以欣賞遠道而來的雁鴨嬌客及保育候鳥，結合育樂、健身、美食等樂趣，讓整天的自行車騎乘活動充實而豐富。',2,'108 臺北市萬華區華中二疏散門入口','捷運站名：1.捷運雙連站，轉乘紅33於民生西寧路口站下車。2.捷運景美站、公館站、古亭站，往新店溪方向步行，可以抵達腳踏車道入口處。1.公車：紅33於民生西寧路口站下車，74、236、251、252、642、644、648、650、660、673等，於景美站、公館站、古亭站下車，依疏散門指引方向前往。 2.開車：沿著環河南路、水源快速道路接羅斯福路5段，依疏散門入口指引便可抵達。',25.016410,121.495300,1),(24,'北投公園','「北投」總是給人說不完的人文、傳說及故事，下了新北投捷運站，跟著裊裊的溫泉煙霧前行，前方滿是綠意的溫泉鄉美景，就是北投公園。北投公園由北投1、2、4、54、55號等都市計畫公園所組成，面積達6萬1,129平方公尺。首先映入眼簾的，是98年度完工的入口跳泉，每日固定時間隨著音樂，有著燈光及水泉飛舞，為北投這個具有豐富文化的老台北地區，重新注入一股新生的活力，沿著光明路側，途經白千層及魯花樹等珍稀老樹，為即將滿百歲的北投公園見證他豐富的歷史，旅途中，也會經過由臺北市立圖書館首次建築的綠色圖書館，強調節能省碳，也為北投公園帶來書香氣息，門口的的噴水池更是電影取景之首選，沿著北投溪前進，世界上唯一以臺灣地名命名的「北投石」，即出產於此，雖然現在已不復見。越過小徑拾級而上，來到中山路側，除了北投露天溫泉浴池外，旁邊還有于右任先生提名之「梅庭」歷史建物，目前已由本府觀光傳播局規劃為梅庭遊客中心，以提供遊客最貼心的服務，還有聞名的溫泉博物館，日洋合一的木造窗櫺及紅磚建築體，似乎還瀰漫著濃濃硫磺的特有香味，感受日據時代建築之美感，周邊潺潺溪流及綠蔭搖曳的景緻，置身其中，像是回到舊時的悠悠時光裡。北投公園有說不完的老故事以及各式各樣動、植物群聚，周邊還有地熱谷等著名景點，不妨趁著假日，安排一趟洗滌身心的知性之旅，相信您一定滿載而歸。公園位置：北投公園一：臺北市中山路2號隔壁 　　　　　北投公園二：臺北市中山路4-1號 　　　　　北投公園三：臺北市中山路5-7號 　　　　　北投公園四：臺北市光明路227號對面 　　　　　北投公園五：臺北市光明路283號對面管理單位：陽明山公園管理所　聯絡電話：2861-6533資料來源臺北市政府工務局公園路燈工程管理處',6,'112 臺北市北投區中山路2號','新北投站下車，沿中山路直走即可到達公車：216、218、223、230、266、602、小6、小7、小9、、小22、小25、小26至新北投站下車',25.136305,121.506278,1),(25,'台北霞海城隍廟','位於迪化街1段的霞海城隍廟，建於西元1856（咸豐六年），占地約46餘坪，雖沒有巍峨之廟貌，然其信仰圈極廣、香火鼎盛，每逢迎神賽會總是熱鬧非凡、位為地方大事，與大稻埕的地方發展息息相關。城隍廟內主祀霞海城隍老爺，從祀二判官(文、武判)、謝范二將軍(七、八爺)，配祀三十八義勇公。城隍夫人、八司官、八將軍、馬使爺、及月下老人等，這座著名的古廟，1994年之前可以容納六百多尊神像，目前只有200尊左右，曾經是臺灣神像密度最高的廟，蔚為一景。 在霞海城隍廟中，除了城隍爺之外，最吸引遊客的，莫過於拜月老，每年帶著禮餅來答謝者超過6000對，而其中最搶手的就是馭夫鞋（又名幸福鞋），是臺北市有名的「愛情御守」，平均每年到霞海城隍廟「求鞋」民眾更超過200對家庭。相傳城隍爺和城隍夫人相差約70歲，「老夫疼少妻」下，民間深信這對「神仙伴侶」可為家庭帶來幸福，造就了「馭夫鞋」的由來。城隍廟在坊間傳說中，還有著1段神蹟故事。1884年，中法戰爭時，法軍來攻臺灣，當時的臺北人來此虔誠祈禱霞海城隍爺的保護。城隍爺果然大顯靈赫，最終法軍只到五堵為止就被擊敗，未能攻佔臺北，所以民間都尊稱霞海城隍為威靈公。',5,'103 臺北市大同區迪化街一段61號','捷運站名：中山站沿南京西路直行往寶島鐘錶方向走到底，右轉迪化街直走即可到達。或是雙連站往民生西路左轉迪化街。1.公車：9、12、250、274、304、市民小巴9至延平一站，811、紅33至迪化街站、民生西寧路口站，206、250、255、274、304重慶北、518、539、639、641、669、704至南京西路口站。 2.車位：3、5號水門外有停車場，百車驛停車場，國茶帝國花園廣場地下停車',25.055600,121.510170,1),(26,'國立國父紀念館','※國父紀念館「大會堂暨周邊設施工程」工期預計自113年至115年底，目前整修中未開放。\n\n於1972年落成的國父紀念館，為紀念國父孫中山先生之革命行誼、人格，並發揚其思想學說，由建築師王大閎設計。除供海內外人士瞻仰國父之外，也兼具文化藝術教育、生活休閒及學術研究之功能。\n\n巍峨莊嚴的建築本體，座落在綠草如茵，花木扶疏的中山公園，成為臺北東區一顆璀璨的明星。這裡也為國內的文化藝術帶來嶄新的面貌，許多的藝術活動都在這裡進行，像是文藝走廊、文化藝術展覽活動、青年創作等。另外也有絕佳的室內表演空間，可以辦理劇場展演活動，像是大家熟悉所的金馬獎、金鐘獎等，都在此舉行過。\n\n晨間時刻，只見老爺爺、老奶奶們在這兒打太極拳、跳土風舞。在假日時刻，寬闊的廣場，更是親子玩飛盤、玩直排輪、散步休閒的好去處。',8,'110 臺北市信義區仁愛路四段505號','捷運站名：國父紀念館站4號出口，沿忠孝東路方向直行即可到達，步行約3分鐘公車：204、212、232、235、240、259、261、263、266、270、278、281、282、288、299、504、662、663、667、至國父紀念館站 停車資訊： 1.捷運國父紀念館站4號出口旁有僑安停車場 2.臨近有台北市政府地下收費停車場 3.國父紀念館委外經營之第一停車場(光復南路麥當勞對面)及第二停車場(忠孝東路入口)',25.040038,121.560245,1),(27,'陽明山國家公園','陽明山國家公園是臺灣離都會區最近的一座國家公園，這裡地貌多變、生態豐富，孕育了許多珍貴的保育類動物，幸運的話，可以在這裏發現台灣特有種鳥類－台灣藍鵲的蹤跡。公園內種滿了梅、櫻、桃、李、杜鵑、茶花等各式花卉，每年春天櫻花盛開，總是吸引眾多人潮上山賞花。櫻花季過後，大約三月中旬竹子湖的海芋接著盛開，到田裡體驗採花的趣味，帶著一束海芋回家，成了遊客的必備行程。公園內最具代表的是一座由各式當季花卉組成的花鐘，來到陽明山，你一定要來這邊拍張照！除了花鐘，陽明山還有小油坑、陽明書屋、冷水坑、擎天崗等熱門景點，如果你喜歡登山踏青，這些景點千萬不能錯過。此外，陽明山一帶擁有豐富的地熱資源，各處溫泉的泉質又有不同，北投地區行義路一帶的溫泉餐廳林立，若你旅經此處，別忘了享受這裡特有的硫磺溫泉！春天賞花，夏天避暑，秋天有芒花與楓葉、冬天泡溫泉，陽明山的四季都有不同的美景、樂趣，等著你來發掘喔！',6,'112 臺北市北投區竹子湖路1-20號(陽明山國家公園管理處)','1.公車：260, 260區, 市民小巴M3, 紅5至陽明山總站，轉搭108休閒公車至各景點 2.捷運：劍潭站出站，搭公車紅5號在陽明山總站下車，轉搭108休閒公車至各景點',25.155740,121.547620,1),(28,'臺北市立動物園','臺北市立動物園是世界前十大都市型的動物園之一，搭捷運木柵線到最後一站就可以抵達。園區內有超過四百種的動物，是東南亞規模最大的動物園。園區內有7個室內展示館，首先要造訪的是「昆蟲館」，在這裡可以看到臺灣特有種的蝴蝶喔；再來，不能錯過超高人氣的「無尾熊館」和「企鵝館」，還有兩隻從中國來的大貓熊，這些都是園區內受歡迎的動物明星，來瞧瞧他們可愛的模樣吧！上一代的招牌動物是亞洲象「林旺爺爺」，大象林旺活了86歲，比一般的亞洲象多活了20歲左右，被動物學家稱為奇蹟，林旺過世後被製成標本，是全世界最大的亞洲象標本，目前在「教育中心」展出。除了室內展示館，還有8個戶外展示區，戶外展示區依地理環境做劃分，兼具物種展示及生態環境教育的功能，其中「兒童動物園」、「臺灣鄉土動物區」和「非洲動物區」是動物園線上票選最受歡迎的展示區。「臺灣鄉土動物區」展出梅花鹿、臺灣黑熊、台灣獼猴和藍腹鷳等台灣特有種，這些可都是台灣限定，千萬不可以錯過喔！ ',9,'116 臺北市文山區新光路二段30號','捷運－文湖線，在動物園站下車→ 請參閱臺北捷運公司─捷運路線圖板南線，在市政府站下車，再轉乘綠1、棕18或棕21公車公車－請搭乘236(含區間車)、237、282(含副線)、294、295、611、676、679、793、933、小12、棕3、棕6、棕11(含副線)、棕15(含區間車)、棕18、棕21、綠1、1501、1503及1558等路線，在捷運動物園站下車',24.998860,121.581060,1),(29,'碧湖公園','碧湖公園面積約有13.1公頃，鄰近國立戲曲專科學校，園中有座大埤湖，面積約7公頃，昔日為農業灌溉用的蓄水池塘，76年改建為公園，之後便成為周邊居民休閒場所。園中有中式之涼亭、九曲橋及環湖步道等設施，湖岸周邊植有柳樹、落羽松、白千層、阿勃勒、鳳凰木、扶桑、杜鵑、 矮仙丹，春夏季節有繁花盛開，加上湖光山色的景色，與大湖公園有異曲同工之妙。此外，園中管理中心一樓設有容量約45人座位之閱覽室，可提供民眾進修，另有網球場、游泳池等健身設施，除遊園賞景、運動之外，還可垂釣及登山健行，園中共有6條登山小徑，沿途也設有亭閣可休憩，環境十分清幽。',6,'114 臺北市內湖區內湖路二段175號','捷運站名：文德站一、自行開車：1、過大直橋沿北安路接內湖路一段至文德路左轉接內湖路二段可達碧湖公園。2、以台北車站為起點往大直到內湖(湖光教會)有分岔路，往內湖國小方向直走，即可達碧湖公園。二、搭乘公車：1、搭乘梯營公車21、藍27、28-247-267、278、521「達人女中」站下車，步行百餘公尺，即到達碧湖公園。 2、搭乘公車小2復興劇校-，即到達碧湖公園。3、搭乘公車222,240,240(麥帥),240(新明路),256,256(副),藍20,藍27中央國宅，即到達碧湖公園。4、搭乘公車222,240,240(麥帥),240(新明路),256,256(副),紅31,藍20,藍27西湖園，即到達碧湖公園。停車場:港富平面停車場　',25.082630,121.583010,1),(30,'基隆河河濱自行車道','從左岸的林安泰疏散門進入河濱自行車道，遊客可以看見記錄著基隆河緣起、整治故事的解說牌，讓民眾在運動休閒之餘，還能了解基隆河長長的歷史故事。\n\n大佳河濱公園是屬河床填土後的新生地，放眼望去盡是綠野草皮，靠西之地建設成都會型綠化公園，其中以中山橋到大直橋間段的親水公園最具特色，地標「希望之泉」的噴泉設計，高達25層樓高的扇形噴泉水幕，精采的水舞、夜晚亮麗的五彩霓虹燈光，整個河濱之地瞬間成為繽紛亮麗，背景在圓山飯店古典輝煌的紅色建築陪襯下，景致格外好看、令人難忘，可以說是市區閤家老少、戀愛男女朋友約會的最佳去處。\n\n遊客若是從右岸的美堤疏散門進入，也同樣可以看見堤防壁上用圖案細說基隆河的歷史故事，同樣精彩耀眼，夜遊基隆河，更可看到眩麗的摩天輪及內湖科技園區夜景。',2,'104 臺北市中山區林安泰疏散門','捷運站名：1.左岸：淡水線圓山站，往民族東路、新生北路方向步行，穿越中山高速公路底下涵洞，再右轉即抵達。2.右岸：內湖線大直站往大直橋方向即可進入，或由劍南路站經美堤疏散門進入，或由東湖站經南湖疏散門進入。公車－左岸：72、222、棕16於大佳國小站下車，自林安泰疏散門進入。262、307、505、604、藍10於莊敬里或撫遠抽水站下車，自塔悠疏散門進入。公車－右岸：28、256至明水路三或大直抽水站下車。28、284、棕1、藍20於成功橋站下車或潭美國小站。紅3、藍26於基河國宅二期站下車，自右岸美堤疏散門進入。28、203、205、276、605、629、668、675於玉成國小站下車，從南湖橋南湖疏散門進入。',25.073005,121.529555,1),(31,'大湖公園','大湖公園湖泊因白鷺成群又名白鷺湖，位於內湖區成功路5段，毗鄰白鷺山，遙指五指山、忠勇山等，佔地約13公頃餘。民國68年仿中國園林興建，大湖湖泊面積約10公頃餘，屬區域性公園。其依山傍水，水岸蜿蜒曲折，湖面波光粼粼，視野開闊，拱橋彷彿垂虹，每當山橫春靄，新柳拂水，遠處嵐影，盡入眼簾；亭中小歇、宜眺宜憩，雲水變幻，騁懷遊目，景色秀美；每當夏秋之季，煙雨瀰漫，仿如畫中，在2012年5月登上法國世界報。 惟大湖公園開闢迄今已三十餘年，存在許多問題，因此公園處於2008年著手辦理大湖公園環境改造工程的規劃設計，期望再創大湖公園風華。 為減少對市民遊憩之影響，「大湖公園環境改造工程」分為2期進行，第一期工程包括可增加市民晨昏運動又有大樹遮蔭的綠茵廣場，大大提升優質的活動空間；豐富大湖生態生態浮島，完成後已成為鳥類覓食與築巢的棲地，也提供魚類產卵、覓食、遮蔽棲息的良好場所，同時吸引許多水生昆蟲，目前已可經常見到白鷺鷥、水鴨等棲息其中；大湖西側路堤擋土牆影響湖域景觀，經過採用木排樁護岸生態美化工法的改造，原本生硬的混凝土牆已是綠意盎然；銜接大湖各水池間階梯便橋，常造成娃娃車、輪椅、老人家遊園時的障礙，經無障礙動線的改造後已是暢行無阻；過密的樹木使得公園陰暗不已，也易滋生蚊蟲、草皮無法生長，經過適當的修剪、疏植等改造手法，陽光從葉間灑落，樹下草皮綠意盎然映入眼簾是陽光綠地的優美景緻；民眾喜愛的釣魚活動，在改造工程中亦規劃了舒適的釣魚木平台，不僅有舒適的木座椅並有著夜間燈光，在黑夜中同樣能盡情垂釣。  第二期工程以泳池建築工程為主，將原本結構出現問題的泳池予以重建，改造後的大湖泳池將成為符合綠建築理念的活水中心。在建築外觀上採用覆土式的地景建築，不僅不會因為量體大而造成景觀壓力，反而與大湖公園的美景充分融入，同時亦能減少輻射熱而達環保節能之效；並將屋頂設計為觀景平台，讓您遊園漫步中，不知不覺已登高望遠並將大湖美景收入眼簾；另外在充份考量當地的陽光、風等微氣候環境，巧妙的運用遮陽格柵、開窗形式與方位等設計手法，讓讓室內泳池不僅採光良好、溫度舒適，擾人的氯氣味道也將消失無蹤；而遠近馳名的50M長水道泳池也將予以保留，並將泳池週邊妥善綠美化，改造後將與公園景觀充分結合，置身其中將彷彿悠游在大自然中。 大湖公園環境改造工程第一期工程於2011年8月18日完成並已開放市民使用。第二期泳池工程已於101年2月20日開工，已於103年初整體完工以嶄新面貌與市民朋友見面。誠摯的邀請您能蒞園一遊，除遠離塵囂、遊園賞景、漫湖岸垂柳步道欣賞湖光山、徜徉落羽松林吸收大自然精華及享受青草香外，同時可進行垂釣、野餐、游泳等各項活動，若能再結合附近山區的健行活動，大湖公園將是進行半日或一日遊的最佳休憩景點。 資料來源：公園路燈工程管理處',6,'114 臺北市內湖區成功路五段31號','捷運文湖線站名：大湖公園站公車：247、284、287、617、620、630、677、681、棕10、棕19、紅2至捷運大湖公園站即可到達。',25.082280,121.604450,1),(32,'國民革命忠烈祠','背倚青山、面臨基隆河的「國民革命忠烈祠」，是中華民國崇祀殉國將士的最高殿堂。其建築群極為宏偉壯麗，仿照北京故宮太和殿結構而建，整體格局氣勢磅礴，一踏入便能感受到莊嚴肅穆的氛圍。\n\n忠烈祠最吸引國內外遊客目光的，莫過於每個整點上演的「三軍儀隊交接儀式」。由陸、海、空三軍儀隊輪流擔任的衛兵，身穿筆挺的軍服，手持擦得雪亮的鋼槍，以一絲不苟、分毫不差的精準步伐，在廣闊的廣場上進行交接展演。從大門走到大殿的儀式中，他們穩健的步伐、響亮的鞋釘聲，以及高難度的耍槍動作，完美展現了軍人的儀態與紀律。在衛兵哨位上，他們必須如雕像般紋風不動，不論風吹日曬，堅毅地守護著這座英靈聖殿，這場結合力與美的儀式，已成為忠烈祠最生動的象徵。',4,'104 臺北市中山區北安路139號','捷運站名：搭乘捷運淡水線至圓山站下車，再轉搭208、247、267、287、紅2公車，至忠烈祠站下車即可抵達。捷運淡水線劍潭站下車，再轉搭267、287、646、677、902、紅3公車，至忠烈祠站。捷運文湖線大直站下車，再轉搭902、247、紅2、紅3公車，至忠烈祠站。',25.078380,121.533130,1),(33,'關渡碼頭','關渡原名甘豆門，因背倚觀音山和大屯山，面向淡水河，成為一處地勢險要的港口，早年先民由關渡碼頭進入移居臺灣北部開墾，因此關渡的開發甚早，後因兩河(基隆河、淡水河)河口泥沙淤積，水運才逐漸沒落。\n\n關渡碼頭位於關渡自然公園及關渡宮旁，每當假日或夜晚均可見遊客駐足關渡碼頭週邊散步休息，亦有許多單車族由八里經關渡大橋前來，或由淡水前來，沿途風光明媚，是一處極佳的賞景地點。',3,'112 臺北市北投區關渡碼頭','捷運：關渡站，轉乘紅35、小23於關渡碼頭站下車。 公車：216副線、302、550至關渡宮站，沿水岸公園步行約5分鐘抵達。',25.120871,121.461979,1),(34,'社子島環島與二重疏洪道自行車道','社子島位於基隆河與淡水河之交匯處，地質為沙洲型態，該地區處處可見稻田橫亙，菜園綠茵，展現老農村民風純樸的美麗景緻。該地區利用堤頂建設自行車道，吸引許多自行車愛好者前往，社子島沙洲沙尾可以看見基隆和與淡水河交匯波濤澎湃的景象，每當夕陽西下，金黃色落日餘暉揮灑在河面上閃閃動人，遠眺大屯山及觀音山綿延天邊的景緻，教人美不勝收。往南還可銜接百齡橋左岸自行車，這裡有許多大型的各式球場，而且經常可以看見國內外著名的球隊在此練球，騎乘之餘欣賞開闊的運動廣場人群，既充實又熱鬧。二重疏洪道環狀自行車道全長24公里，穿越堤頂道路進入公園區域，不同主題的河濱綠地，可以花上很多時間去探險。',2,'111 臺北市士林區社子島自行車道','捷運站名：捷運劍潭站，轉乘紅7、紅10僑美站下車，步行約10分鐘，可抵社子島腳踏車道。；租車資訊：1.社子花卉廣場設有民間經營的腳踏車租借站。 2.由大稻埕碼頭租借站租車後前往。 3.二重疏洪親水公園設有腳踏車租借站。1.公車:2、215、246、536、紅10，於僑美站下車即可抵達社子島腳踏車道 2.開車： * 往臺北市區前往，可走三重環河道路，穿越提頂道路即可抵達。 * 由臺北市區前往，可沿延平北路北行，至七段處越過社子島入口頸子口（社子國小），即可抵達腳踏車道入口處。',25.109850,121.466060,1),(35,'七星山系_天母古道親山步道','天母古道親山步道不僅是台北市民熱愛的健行路線，更是一條承載著百年歷史的時光廊道。步道橫跨士林華岡地區的西北山坡，也是紗帽山南邊的鞍部，前身是早年連結金山與天母的「魚路古道」後段。在仰德大道開通後，這條昔日的經濟要道才漸漸沉寂，轉變為今日遊人如織的親山步道。\n\n\n天母古道生態景觀\n天母古道最珍貴的資產，在於其獨特的「壓縮型生態系」。雖然全區海拔僅介於120至300公尺，本應是單純的亞熱帶闊葉林環境，但這裡卻並存著多種不同氣候帶的森林特徵。這一切的關鍵，在於受到大屯山鞍部強勁東北季風的直接影響。季風直撲的迎風面，因強風、多雨與低溫而呈現出涼爽的暖溫帶景致；然而，只要轉入避風的潮濕溪谷中，陰溼的環境反而孕育了熱帶闊葉樹種，因此能觀察到板根、幹生花與纏勒等現象。這種在低海拔地區罕見地匯集了熱帶、亞熱帶與暖溫帶生態的壓縮現象，使天母古道成為一座極為珍貴的戶外自然教室。\n\n◎特別提醒山友：步道下切翠峰瀑布的岔路附近，容易看見猴群出沒，當您看見猴群出現時，請不要任意餵食，以免猴兒為爭搶食物，不小心傷害到您喔！\n\n水管路步道\n這條水管路步道可追溯至日治時期。當時為了將第三水源地的泉水接引至天母與士林地區，而特別闢建了這條輸送路線。由於此地自那時起便被劃為保安林區的水源重地，受到了嚴格保護，因此保留下極為原始豐富的森林樣貌，沿途隨處可見依水而生的蕨類、姑婆芋等茂盛植物。\n\n這條步道的結構也相當獨特：在步道前段的爬坡路上，並不會看見水管；直到進入後段的平緩山徑時，巨大的水管其實就埋設在步道正下方。大約在1930年間，為了保護管線，人們開始在水管上方鋪設石板和水泥，這條便於行走的「水管路」便因此形成。直到山勢漸緩、接近天母地區時，水管的路線才與步道分開。而現今位於步道入口處的三角埔發電廠，正是這條步道的起點，在歷史上，它同時也是這條水管輸送系統的終點。\n\n\n入山林前先暖身\n從登山口出發，山友首先要面對的，是一場超過千級石階的嚴峻考驗。這段路被許多人視為進入山林前的最佳「暖身」。步道初期，首先映入眼簾的是一片高大的龍眼樹林，其中有些樹幹粗壯到需要兩人才能合抱，悄悄訴說著此地曾以龍眼為主要產業的過往。隨著高度攀升，傳說中的黑色大水管將會現身，而山路也會隨之變得更加陡直。\n\n這段連續上坡路無可避免地會消耗體力，所幸在中途和石階的盡頭都設有涼亭，供人歇腳喘息。站在中途的涼亭旁回望，天母市區已在山腳下展開，讓人頓時小有成就感。若在天氣晴朗時登頂，更能遠眺林口台地，據說這裡也是欣賞台北夜景的絕佳地點。\n\n當您走完這段漫長的陡坡，抵達終點的蓄水池旁時，不妨在此洗把臉、擦擦汗，因為接下來，馬上就要進入天母古道最精華、也最舒適涼爽的林蔭坦途了。\n\n\n詩意的步道之旅\n造訪過水管路步道的人，多半都會愛上這段路。這裡的路面平整、有如履平地，加上全程都有濃密的林蔭遮蔽，即使在炎炎夏日行走其間也倍感涼爽；到了冬季，雖然能聽見東北季風在溪谷間呼嘯，但步道本身卻不受刺骨寒風侵擾。平坦的路況讓人能放鬆駐足，欣賞沿途景致的變化：視野從遠眺天母、北投的城市風光，漸漸轉為欣賞山林溪谷、梯田與雲霧繚繞的詩意美景。\n\n這條步道之所以能保有如此豐富的生態，要歸功於它自日治時代起就被劃為「水源重地」與「保安林區」的歷史。儘管海拔僅約300公尺，卻因受到良好保護而維持著原始林相，孕育了超過三百種植物，沿途隨處可見依水而生的茂密蕨類與姑婆芋。\n\n豐富的水源是這裡的生態命脈。路旁山崖上可見早期的石頭堆砌，將岩壁滲出的山泉水導入圳溝，吸引了許多溪蝦與蝌蚪聚集。步道後段也有一條清澈的小水溝，同樣源於山泉，是沼蝦、螃蟹、蜻蜓及多種蛙類的繁殖天堂。從秋季到隔年春天，林間時常能聽見斯文豪氏赤蛙那宛如鳥叫般的清脆鳴聲；若是在清晨或黃昏時段造訪，更有機會一睹台灣獼猴在此出沒的珍貴畫面。\n\n&nbsp;',6,'111 臺北市士林區中山北路7段232巷','捷運石牌站下車，轉乘紅15、紅19、224至「天母站」下車；捷運劍潭站下車，轉乘紅5、260至「山仔后站」下車，步行至愛富三街登山口；公車220、267、601、603至「天母站」下車，步行至中山北路七段',25.127651,121.533676,1),(36,'台北當代藝術館','台北當代藝術館為古蹟建築，紅磚表面，木造屋架，垂直長條型的窗，黑瓦洋風斜屋頂，在日據時期是臺北市建成小學校校舍，臺灣光復後為臺北市政府辦公處，1994年臺北市政府遷往信義計畫區，市府大樓正面建築作為美術館使用，東、西側兩翼部份為建成國中校舍。美術館名稱本為「臺北第二美術館」，後由「北美館」獨立出來，在2000年正式更名為「台北當代藝術館」，展示各種當代藝術作品。為更讓民眾理解作品內涵，館內提供免費語音導覽下載、免費語音導覽借用、免費團體導覽服務，週末有座談會、系列演講、工作坊活動，不時舉辦研習營，歡迎民眾報名參加。',8,'103 臺北市大同區長安西路39號','捷運站名：淡水線至中山站下車，沿捷運大街往台北車站方向步行約5分鐘， 自長安西路R4號出口乘電梯公車：216,218,220,224,247,260,287,310至中山市場站低底盤公車：棕9、266、282(均先至捷運中山站下車，再步行前往)',25.050720,121.518920,1),(37,'SPOT光點台北電影館','佇立在台北中山北路的綠蔭大道旁，一棟典雅的白色二層樓西洋建築格外引人注目。它擁有對稱的希臘式廊柱與寬闊的迴廊，散發著美國南方殖民風格的莊重與悠閒。這棟建築在歷史上曾有著顯赫的外交身分，長期作為美國駐台大使的官邸，包括藍欽、莊萊德、柯爾克等多位大使均曾居住於此。然而，隨著1979年外交情勢轉變，最後一任大使離台，這座美麗的建築也隨之正式關閉，陷入了長時間的沉寂。\n\n這棟閒置多時的老宅，終於在1997年迎來了新的轉機。它被內政部指定為國家三級古蹟，其歷史與建築價值獲得了肯定。臺北市文化局決定為這座空間注入新生命，委託臺灣電影文化協會接手經營，將其活化轉型為以電影文化為核心的藝文空間&mdash;&mdash;「臺北之家」。\n\n如今的「臺北之家」，已是文青與電影愛好者的聖地。老宅的核心是「光點電影院」，一座僅有88個座位的精緻影廳，專門放映藝術及獨立電影。宅邸內的空間也被巧妙運用：「光點．紅氣球」是提供輕食的電影沙龍；「光點．珈琲時光」則座落在庭園的老樹旁，是享受午後悠閒的絕佳角落。知識的渴求能在「光點．生活」書店中被滿足，這是一家專注於「電影」與「城市」主題的書店。此外，建築的迴廊被規劃為藝術展覽館，而多功能藝文廳則提供了演講、座談的空間，並設有電影相關藏書供民眾閱讀。臺北光點，成功地為這座城市的電影文化，點亮了一盞溫暖而美好的光影。',8,'104 臺北市中山區中山北路二段18號','捷運中山站3號出口步行約3分鐘公車－1.「捷運中山站」： 棕9、12、52、266、282、292、306、613、622、638，步行約3分鐘。2.「國賓飯店站」： 40、216、218、220、221、224、247、260、261、287、310、636，步行約5分鐘。',25.053291,121.522160,1),(38,'臺北市立美術館','1983年開館，是臺灣首座現代美術館，空間與 展品的規劃新潮活潑，結合民眾生活與美術賞析。館內空間包含地下1層及地面3層，地下樓主要提供年 輕藝術家及團體展、競賽展，附設圖書及餐飲等服 務。1樓除了入口大廳，展覽室6公尺高的大型牆面及3層樓挑高的寬敞空間，主要用於國內外重要大型展 覽；2樓常設展區依照美術史架構或主題，展出各項館 藏。3樓明亮的採光與雙十字型交錯空間則以主題展覽為主。建築物由高而潘建築師所設計。除了展覽，館方不定期舉辦研討及假日親子活動，製 造美術館與民眾互動的機會，更拉近藝術與生活的距 離。現更推出週六夜間開館，為營造夜間時段濃厚的藝術氣氛，美術館也特別增加館體及戶外雕塑照明，廣場上的大型青銅雕塑 「朱銘－太極拱門」和紅色不鏽鋼「李再鈐－紅不 讓」都成為中山北路夜間的美麗視覺焦點。',8,'104 臺北市中山區中山北路3段181號','捷運：觀眾自圓山捷運站下車，自一號出口出站後，可步行穿越花博公園圓山園區，再左轉行進至中山北路，於右前方即可抵達美術館。公車：搭21、40、42、126、203、208、213、218、220、247、260、277、279、287、308、310、612、677、紅2、中山線、博愛公車、台北-金山、台北-三芝 至臺北市立美術館站下車。﹝紅2、21、220為低底盤公車﹞公車站牌位置: 美術館前(往北方向)、花博公園圓山園區與中山北路三段交叉口(往南方向)。https://www.tfam.museum/TFAM_Visit/Default.aspx?Vid=39&PMId=39',25.071960,121.524370,1),(39,'行天宮北投分宮_忠義廟','行天宮北投分宮，俗稱「忠義廟」，主祀關聖帝君，位於臺北市北投區中央北路4段18巷50號，係臺北市民權東路上香火鼎盛行天宮的分宮，但建廟歷史卻比臺北本宮更早，原臺鐵「忠義站」及現在捷運「忠義站」之站名，即因位置鄰近「忠義廟」而得名。\n\n「關帝廟行天宮」，此為昔日信眾所熟知的「九台街恩主公廟」，原位於今日臺北市中山區新興國中附近。「關帝廟行天宮」香火鼎盛，後來因廟地被劃歸為學校用地，廟方不得不積極另覓廟址準備搬遷，結果於民國45年在北投嗄嘮別(今忠義山)尋獲建廟吉地。由行天宮三宮建設人-玄空師父挹注資金建設，並於民國54年5月31日慶成，展現出三殿式的大廟格局。\n\n北投行天宮廟區範圍約8公頃，廟殿建築雄偉，除附設圖書館外，區內花木扶疏、自然生態豐富，步道、庭園造景、休憩涼亭、停車場及公廁等設施規劃完善，且為市政府規劃之忠義山親山步道之起點。\n\n從山下順著階梯而上，首先映入眼簾的是一大片綠油油的青草地，庭園造景及椰林大道；再拾階往上，穿過日、月門，方才來到北投分宮開闊的前殿。\n\n廟埕十分寬敞，紅牆與灰色的石板地，在藍天下交織出一片祥和的氛圍。穿過山門，放眼看到典雅的玉皇殿及鐘鼓樓，展現的是莊麗的建築之美。\n\n在參拜玉皇殿、後殿及三元殿之後，轉往後山方向，更可感受到寧靜的自然之美。漫步在林木蒼鬱的幽徑，或仰望綿密的修竹，或凝視歷盡滄桑的奇岩，益發覺得景緻清幽。再從右側的八百階登高，更可遠眺關渡平原和淡水河，視野相當遼闊又舒暢，是北淡線旅遊踏青、沉澱心靈的最佳景點。',5,'112 臺北市北投區中央北路四段18巷50號','捷運：A‧捷運淡水線至復興崗站下步行約10分鐘，或搭216(副)、223、302、308、550、632、小23在忠義站下。B‧捷運淡水線至忠義站下步行約10分鐘，或搭216(副)、223、302、308、550、632、小23在忠義站下。公車：忠義站216(副)、223、302、308、550、632、小23。鐵路：從捷運台北車站搭捷運淡水線至復興崗站或忠義站下，步行約10分鐘，或搭216(副)、223、302、308、550、632、小23在忠義站下。',25.137010,121.477570,1),(40,'景美溪河濱自行車道','有青山綠水相伴的景美溪河濱自行車道，沿線有動物園，政大球場及青草綠茵，溪流常有魚群穿梭，適合攜家帶眷全家出遊的路線。\n\n沿線的景觀相當豐富，翠綠草地，清澈溪流讓人感覺非常舒適，此外，於道南河濱公園內還設有各式各樣的運動場所，如籃球場、溜冰場、羽球場等，每到傍晚便可看到許多人或走或騎自行車到這兒來進行各種運動，是一個充滿活力的自行車道。',2,'116 臺北市文山區景美溪左右岸 道南河濱公園','捷運站名：捷運動物園站下車即可抵達；租車資訊：    * 租車資訊：木柵腳踏車租借站（捷運木柵線動物園站前捷運橋下。）1.開車：由臺北往木柵方向行駛，接木柵路後右轉萬壽橋再左轉新光路，直行即可抵動物園入口。 2.公車：236、237、282、295、611、棕3、棕6、棕11、棕15、棕18、綠1，於動物園站下車即抵',24.981350,121.566290,1),(41,'國立歷史博物館','位於植物園內的歷史博物館，在幽雅的自然環境中，有著不同的氣質，外觀是屬於中式宮殿建築，兩層樓閣，搭配綠色屋簷，在館外還有小橋 流水裝飾，像是置身於都市之外。該館至今有50多年歷史，原係河南博物館的收藏 品為主，後來逐漸增加收藏，並擴建館舍，到成為當今藝文、教育界肯定倚重的藝術文物典藏、展覽空間，一路走來，篳路襤褸，慢慢成長，成 為今天的局面。館內展示著多位私人收藏家的捐贈，包含先秦繩紋陶、漢代綠釉陶、六朝舞樂俑及唐三彩、甲骨、青銅器、玉器、瓷器和文獻等珍貴文物。性質上，是屬於歷史文物為主的博物館，館方建立明確的風格，就是以中華文物與閩臺文物為主軸，美術品方面則是以歷史所繫者為對象的一個綜合性的博物館。  ',8,'100 臺北市中正區南海路49號','捷運站名：中正紀念堂站1、2號出口，沿南海路步行約10分鐘。1.公車：0西、1、204至建國中學站，0南、5、10、38、227、241、244、235、295、中正幹線至南昌路站，羅斯福路各線路公車至南門市場站。 2.停車場：博物館前南海路有路邊付費停車位。',25.031460,121.511210,1),(42,'陽明山國家公園_冷水坑','冷水坑坐落於七星山與七股山之間的幽靜谷地，此處曾是火山爆裂口，歲月侵蝕與人為開墾使其樣貌變得柔和，如今僅留下淺淺的凹谷輪廓。地質上主要由凝灰石角礫岩與安山岩構成，泉源附近的岩石因地熱換質，多已呈黏土化，見證火山活動的歷史軌跡。\n\n冷水坑泉水溫度約攝氏40度，遠低於其它溫泉區水溫因而得名。這裡更是台灣唯一的沉澱硫磺礦床，泉水因富含礦物質而呈現夢幻的乳白色，因而獲得「牛奶池」的美名。此處溫泉為地下水間接加熱而成，同時擁有中性碳酸氫鹽泉與弱酸性硫酸鹽泉兩種泉質，獨具特色。\n\n除了享受溫泉，不妨漫步至秀麗的涓絲瀑布，或探訪靜謐的夢幻湖生態保護區。在這片豐饒的環境中，隨時可能與大自然的朋友不期而遇，例如聒噪的長腳赤蛙、叫聲宛如鳥鳴的斯文豪氏赤蛙，或是皮膚佈滿疣粒、外貌樸拙的盤古蟾蜍，偶爾也能瞥見蛇類與爬蟲類的身影。在注意自身安全的同時，也請溫柔地對待這些可愛的住民，靜靜觀察，不驚擾牠們的生活。',7,'111 臺北市士林區菁山路101巷170號','1.台北市小型公車15：劍潭站←→冷水坑←→擎天崗，由劍潭站發車。 2.108遊園公車:260公車總站→遊客中心→中興路口→竹子湖入口→二子坪→小油坑→冷水坑溫泉浴室→擎天崗→冷水坑→絹絲瀑布入口→菁山遊憩區→中山樓→260公車總站。',25.165590,121.564010,1),(43,'西門紅樓','西門紅樓自1908年興築完成迄今已逾百年，原是臺灣第一座官方興建的公營市場，亦是目前保存最古老完整的三級古蹟市場建築物。由當時任職臺灣總督府營繕課的日籍建築師近藤十郎設計。市場入口採「八卦造型」取其八方雲集之意、市場主體為「十字架造型」，不僅是空前絕後，更是東、西建築史上的首例。八角樓和十字樓，加上兩旁南北廣場統稱為「西門紅樓」。2007年11月臺北市政府文化局委由台北市文化基金會營運管理，藉由舉辦文創性活動重新塑造八角樓內的二樓劇場、中央展區、百寶格、西門紅樓茶坊、西門紅樓精品區、十字樓直段的16工房、文創孵夢基地、十字樓橫段的河岸留言西門紅樓展演館、北廣場創意市集及南廣場露天咖啡區等多元性區塊，聯手帶動整體服務能量，打造新穎創意空間，擴大臺北藝文新舊交疊的疆界與版塊，成功轉型為臺北市西區文化創意產業發展中心。2008年榮獲第七屆【臺北市都市景觀大獎】歷史空間活化獎。2009年西門紅樓接管「臺北市電影主題公園」，規畫「Urban Show Case都市藝術方塊」公共藝術裝置，開創屬於城市的記憶空間，並於2010年獲得【都市彩妝之公共開放空間類】金獎，規劃「西門町行人徒步區街頭藝人」表演管理，以多點串連方式將藝術文化延伸，2009全年度藝文活動突破一千場，累積400多萬參觀人次，2010年延續育成創意品牌概念，於十字樓打造文創產業發展中心，近年持續開拓創新合作平台機制，強化文創聚落能量，呈現古蹟新容顏。 資料來源西門紅樓 ',4,'108 臺北市萬華區成都路10號','捷運站名：捷運西門站1號出口，步行約 1 分鐘1.公車：三重客運（五股-台北、中港-北門、迴龍-台北）、指3、藍2、9、12、18、25、49、52、201、202、205、206、209、212、218、 221、223、231、232、234、235、253、257、513、624、 621、640，捷運西門站或西門市場站下車。 2.車位：台灣聯通、中華、獅子林、遠東百貨寶慶分公司停車場、中山堂地下停車場及峨嵋立體停車場',25.042070,121.506930,1),(44,'松山慈祐宮','慈祐宮興建於1753年，距今已有兩百多年的歷史，主要信奉的是黑面媽祖。傳說媽祖得道成仙之後，就時常在海上救助遇難的船隻，在臺灣的信仰中，是一位很普遍的神明。 本宮建築為六層樓正方形，主殿三川殿相當莊嚴氣派，屋脊是以雙龍朝福、祿、壽三仙，有著保祐之意。宮內三川殿的石獅，為1803年的作品，在幾次的翻修中曾經一度被廢棄在他處，後來被發現後，將之置於三川殿前。由於呈現的是「雄獅張嘴、母獅閉嘴」的傳統，在臺灣十分少見，因此也成了鎮殿之寶。除了石雕之外，這裡的木雕也有著繽紛的色彩，不管是花卉、動物、人物都是栩栩如生，有著宮廟富麗的感覺。慈祐宮一直是錫口十三街莊居民精神皈依之所，每年3月23日天上聖母誕辰，十三街莊就會配合慈祐宮分為東、南、北3路線，沿途各商店住家紛紛設案，備辦牲禮或鮮花素果，恭迎媽祖出巡繞境，讓整個松山區熱鬧騰騰。近幾年來慈祐宮依然是當地重心，更不用說，饒河街夜市就在旁邊，自然是熱鬧非凡。',5,'105 臺北市松山區八德路四段761號','捷運站名：永春站，往北走約15~20分鐘公車：28、306、306區、311、518、527、53、531、605、605副、605新台五、622、629、63、668、678、711、藍7至松山車站下，步行約10分鐘可達。',25.051080,121.577730,1),(45,'財團法人台北市關渡宮','<!--\n關渡宮是臺灣北部最古老的媽袓廟，其歷史背景可以追朔到清順治年間，由開山石興和尚自福建奉請聖母來臺，當時名稱為「天妃廟」，其後乾隆、道光、光緒年間多次整修，於第5次重修並遷建現址，自石興和尚來臺已有340年以上的歷史。\n關渡宮殿內、殿外的石牆、石柱、石獅，都雕滿了歷史故事，作品細膩壯觀。關渡宮的祭典是每年農曆3月23，元宵節和中元節普渡也是年度大事，來自各地參拜的人潮絡繹不絕。由於香火鼎盛，關渡宮不斷擴建，除聖母殿、觀音殿、文昌殿外並有古佛洞，廣渡寺、鼓樓、鐘樓等，面積廣大。\n\n另外每年元宵節，關渡宮一定會有電動花燈展出，從山下廟宇到山上後花園，大大小小的燈籠及各方精製的花燈，充滿了年節氣息，難怪每年到了這時候，滿滿都是人潮，大人帶著小孩來這裡賞燈並求平安，希望未來一年都可以順順利利。\n\n\n\n-->台北市關渡宮擁有三百多年歷史，主祀天上聖母媽祖，是北台灣地區最早的媽祖廟，而除了參拜天上聖母媽祖與諸神明外，來到這裡還可以觀賞許多珍貴的古蹟文物以及豐富的宮廟建築藝術。由於位居大屯、觀音二山的餘脈相交，臨淡水河與基隆河的滙流，風光景緻一覽無遺，每當落日餘暉，宏偉壯闊的景觀，更是令人驚嘆。\n\n\n\n\n&nbsp;\n&nbsp;\n\n\n\n附近行程推薦:推薦行程',5,'112 臺北市北投區知行路360號','捷運站名：關渡站下車，經大度路3段301巷即到1.公車：216副線、302、550、小23、紅35在關渡宮站下車。 2.停車資訊：關渡水岸自然公園平面停車場 北投區知行路360號（關渡宮對面）',25.117700,121.463950,1),(46,'北投文物館','北投文物館自1984年正式對外開放為私立博物館，這座身處群山之間佔地800坪的典雅庭園及純木造二層日式館舍，建於1921年。當時係北投地區最高級的「佳山溫泉旅館」，1983年創辦人張純明先生將古蹟活化再利用為博物館，成立「台灣民藝文物之家」，迄1987年正式更名為「北投文物館」。我們始終致力於保存、展示臺灣早期的民間藝術與民俗文物，現有典藏文物近五千件，內容以清末、日治以降至1970年代期間的臺灣民俗工藝為主，其中包含臺灣原住民族文物一千餘件，以及以閩、客為主的漢民族文物共三千餘件。美食餐飲本館另設有餐飲空間怡然居，提供精緻創意懷石料理及下午茶之外，也提供小型會議的場地租用。怡然居戶外的觀櫻台可以近觀丹鳳山，遠眺觀音山，戶外美景中享用文物館特製健康輕食─養身創意懷石料理，離開塵囂慢食慢活，別具風味。文化體驗目前文物館在多元文化經營的理念下，將大廣間用於表演藝術展演、藝文活動、以及提供宴會及會議場地出租場所，充分將大廣間進行古蹟活化的利用。本館設有不定期舉辨各式體驗課程，如：茶道體驗、茶道正式課、和菓子體驗、佳山抓周等等。*現由民間業者經營中。',8,'112 臺北市北投區幽雅路32號','捷運站名：1.北投站轉乘紅25、230至北投文物館站(公車時間:為半點或整點發車)2.新北投站 光明派出所前搭230公車，至北投文物館站下車。',25.138140,121.514810,1),(47,'內溝溪生態步道','內溝溪為基隆河支流，全長約5.5公里，流域面積約7平方公里。以內溝溪為界以西為臺北市，以東為新北市，為東湖地區民眾散步、休憩、話家常的好去處，同時亦為東湖地區接近自然的最佳場所。\n\n自民國102年開始在東湖內溝溪中游段進行整體景觀改造，並從上游延續將近長約1公里的親水步道，藉由景觀橋與水岸步道之設置，串聯原先被內溝溪所分隔於左右兩岸之臺北與新北兩市之漫遊路徑，清除淤積土壤的同時，恢復五分埤水域環境，營造不同深度之生態棲息環境，打造不分日夜皆可親山、親水、親自然並創造可停留體驗之生態教育空間；以提升居民親近使用之意願，進而認知、了解與共同保育，亦可讓原本存在當地耆老腦海中的美好回憶，得以再次重現。\n\n四大面向\n1.具獨特創意及恢復昔日地方自然/人文生活環境\n於整體工程結構與造型上儘量採以輕量化為主，融入地方期望之江南園林山水風貌為主，擇以既有環境色彩色系為佳，以尊重與融入內溝溪自然環境，於考量水利、排洪之工程結構上兼具造型美感。\n\n2.保留在地已逐步營造之水岸綠廊及增加堤頂綠化契機\n在堤頂防洪機能考量之下，於堤頂有腹地之處進行綠化，豐富水岸生態的營造及綠意蔓延與滋長。\n\n3.水岸棲地保留與改善\n以堤岸安全優先，但仍重視於自然生態面向的保留與改善，在整體設計上順應既有護岸坡度、地形，除清淤工程外，不過度挖掘及擾動生態。\n\n4.節能減碳、永續發展\n考量節能減碳需求，沿線水岸照明採低度照明為主，保留夜間民眾散步之安全照明，並於串接兩市之重點景觀橋以點燈形式規劃，形塑水岸繁星點點之意象。\n\n(部分資料來源：臺北市政府工務局水利工程處)',6,'114 臺北市內湖區康樂街61巷73弄34號','聯營公車53、278、630、46、903、小1。',25.070280,121.620980,1),(48,'二二八和平公園','二二八和平公園位於臺北市公園路、襄陽路、懷寧街與凱達格蘭大道所圍成的街廓內，古典風格的都會公園，園內有日本庭園式造景池塘、拱橋、綠地步道及露天音樂臺，而台北二二八紀念館和紀念碑也設立在園區內。 1995年，李前總統代表政府，在二二八紀念碑前向受難家屬致歉，同年內，前臺北市長陳水扁也將「臺北新公園」改名為「二二八和平公園」希望藉此安慰受難者家屬心中的哀痛，更希望後代子孫能記取歷史教訓，共同為臺灣的前途和人民奮鬥。1997年，二二八事件50周年時，「二二八事件紀念碑碑文」完成銘刻揭幕儀式。同時也設置「台北二二八紀念館」藉由紀念館展覽，將事件始末以及受難史實公諸於世。唯有認清歷史和發現事實，為自己和後代追求幸福，才能獲得真正的平靜。',6,'100 臺北市中正區懷寧街、襄陽路、公園路、凱達格蘭大道口','捷運站名：臺大醫院站，沿凱達格蘭大道步行即可達二二八和平公園。1.公車：搭乘15、18、22、220、220夜、220直行、247、257、276、287、287夜、513、621、信義新幹線、重慶幹線(中興)、重慶幹線(光華)至二二八和平公園站2.車位：臺大醫院訪客停車場及二二八紀念公園附近有停車位',25.041320,121.515160,1),(49,'國立臺灣科學教育館','臺灣科學教育館，為科學教育而設，適合所有大人小孩來參觀。地下室為兒童益智探索館，還有一個地底世界展，3, 4樓有生命科學、自然科學展，5, 6樓有物質科學、數學與地球科學展，7, 8樓為特展，可以看到世界性的科學展覽。館內設有各種體驗裝置，可與展品互動。 在這也可看電影，3D動感電影院是一個動感模擬影院，雙人式液壓動感座椅，與影像同步動作，有如坐在雲宵飛車或飛行座艙上，身歷其境。立體虛擬實境劇場，採用高解析立體影像效果，讓觀看影片更有臨場感。這是個寓教於樂的優良場所，歡迎大家來玩。 ',8,'111 臺北市士林區士商路189號','捷運劍潭站(1號出口左方公車站牌) ⇒ 轉搭公車至科學教育館站下車 ⇒ 紅30(低地板公車)、41捷運士林站(1號出口過馬路) ⇒轉搭公車至科學教育館站下車 ⇒紅30(低地板公車)、紅12、620(低地板公車)公車：紅12、紅30(低地板公車)、41、620(低地板公車) 科學教育館站下車255區間車 529 士林高商站下國道巴士：中興巴士　[士林-中壢] 路線光華巴士(基隆客運)　[士林-基隆] 路線1.公車：41、紅3、紅12、紅30至天文館站（士林行政中心站），255、250、620、紅12至士林區行政中心站(士林高商站)，620、紅3、紅12至科教館站 2.車位：備有地下收費停車場424個',25.095592,121.516643,1),(50,'指南宮','指南宮位於臺北市文山區指南山麓，創建於1890年，由淡水知縣王彬林自山西永樂宮分靈來臺。原為茅草建構，歷經前賢精心擘畫設計、重修擴建，成為現在的規模。 指南宮主祀神純陽祖師呂洞賓，正式名稱是「孚佑帝君」，但民間習稱仙公或呂祖。呂祖是唐朝時人，飽讀詩書，曾考中進士，做過縣令，因為虔心慕道，得遇正陽祖師鍾離權仙師，以黃粱大夢點化，點石成金試測，傳授心法，終成大道，位列仙班。但因立有「度盡世人」的宏願，所以經常顯化民間「濟世度人，解難救厄」，留下了許多民間親和的神跡佳話，是我國民眾最親近和熟悉的道教神仙。宮殿園區佔地廣，古木參天，濃蔭蔽日。全宮共有純陽寶殿、凌霄寶殿、大雄寶殿及大成寶殿4大殿宇。主殿均是依山而建，宏偉莊嚴，建築多採堅固青斗石，部分殿宇並用銅瓦覆蓋，可歷千年。純陽與凌霄兩殿間有長廊相連，亭池台榭，四時花開，空氣清新，可以一覽臺北市遠近景觀，被譽為「天下第一靈山」。更經常辦理各項大型宗教活動，參與國際弘道事務，聲名遠播。貓空纜車通車以後，交通更加方便，任何時候都歡迎來訪。',5,'116 臺北市文山區萬壽路115號','捷運站名：木柵站轉乘棕5，在木柵高工出站後，乘坐棕5小型公車可直達廟前指南站，下車後，沿石階步行約5分鐘到達。或至「動物園站」下車轉搭貓空纜車於「指南宮站」下車即達◎新店線公館站下，1號出口，搭530公車至終點站1.公車：指南530公車可到達(公館可搭) 2.車位：指南宮後山設有停車場',24.979820,121.586620,1),(51,'臺北啤酒工廠(原建國啤酒廠)','蝦米尚青？臺灣啤酒尚青！這是非常著名的廣告。臺灣味的臺灣啤酒製酒廠，就是臺北啤酒工廠，前身為日據時期「高砂麥酒株式會社」，創建於西元1919年（日據大正8年），為日據時代臺灣唯一的啤酒製造廠，與日本北海道札幌啤酒廠齊名。 臺灣光復後，由臺灣省專賣局接收，專賣局在兩年後改為臺灣省菸酒公賣局，啤酒廠改名「臺北啤酒公司」、「臺北第二酒廠」，1975年正式更名「建國啤酒廠」，至今已有將近90年歷史，可說是臺灣產業發展、文化與製酒工業進化的最佳見證。建國啤酒廠具有高度的歷史價值，廠內的製酒工具和廠房建築，儼然是一部鉅細靡遺的活歷史。目前由臺北市都市發展局接手，要將啤酒廠規劃成一座以啤酒為主題，結合餐飲、娛樂、文化與觀光等新元素的啤酒文化園區，讓民眾體驗製作啤酒的樂趣。西元2007年臺灣菸酒公司將「建國啤酒廠」更名為「臺北啤酒文化園區」確認了未來以產業與文化結合的新方向。',4,'臺北市  中山區八德路2段85號','捷運站名：忠孝新生站4號出口，經光華商圈往八德再右轉，穿越市民大道後步行約5～8分鐘1.公車：41、52、202、203、205、214、222、226、257、280、290、505，至中山女中站／建國啤酒廠站／臺北科技大學站 2.車位：嘟嘟房伊通站停車場 建國北路高架橋下停車場 中山區建國北路高架橋下',25.046111,121.535389,0),(52,'松山文創園區','松山創意園區，位於臺北市信義區，占地6.6公頃，建於西元1937年，其前身為「臺灣總督府專賣局松山菸草工場」，為臺灣現代化工業廠房的先驅，也是第一座專業的捲菸廠。建築風格屬「日本初現代主義」，形式簡潔典雅，面磚、琉璃及銅釘做工精細，堪稱當時工廠的楷模。1945年戰後，臺灣省專賣局接收，更名為「臺灣省專賣局松山菸草工廠」，1998年，因都市空間規劃、公賣改制、需求量下降等因素停產，併入臺北菸廠，正式走入歷史。2001年，臺北市政府將其指定為第99處市定古蹟，園區規劃為：市定古蹟(辦公廳舍、1-5號倉庫、製菸工廠、鍋爐房)、歷史建物(檢查室、機械修理廠、育嬰房)、特色建築(巴洛克花園、生態景觀池、澡堂、多功能展演廳)。近年為活化園區的空間再利用，結合了藝文、文創、設計等展演活動，與台灣創意設計中心合作設置「台灣設計館」，與國內知名琉璃工房結合琉璃藝術推出「小山堂」，並設有輕食餐廳(位於機械修理廠)，將園區提升為設計及文創產業的基地。',4,'110 臺北市信義區光復南路133號','1.捷運市政府站一號出口，步行約400公尺2.捷運國父紀念館站五號出口，步行約500公尺《園區出入口》菸廠路入口：入口4~入口5(行人及車輛出入口)，於市民大道及光復南路口，從市民大道於光復南路匝道下，行駛方向由西往東往菸廠路駛入。《捷運國父紀念館站》靠近倉庫群、臺北文創大樓這一側步驟一、搭乘捷運板南線（藍）至捷運國父紀念館站步驟二、從五號出口出站步驟三、沿光復南路步行至菸廠路(市民大道、光復南路口)約550公尺&nbsp;《公車》忠孝東路【聯合報站】：212、212夜、212直、232、232副、232快、240、240直、263、270、299、忠孝新幹線&nbsp;光復南路【捷運國父紀念館站】：204、212、212夜、212直、232、232副、232快、240、254、266、266區、278、278區、282、288、288區、299、672、忠孝新幹線&nbsp;&nbsp;《停車資訊》本園區最鄰近之停車場為臺北文創大樓地下收費停車場，可由菸廠路(市民大道、光復南路口)駛入，臺北文創電話：02-6622-6888。',25.043838,121.560631,1),(53,'大龍峒保安宮','大龍峒保安宮，肇建於1742年，1805年重建，主祀保生大帝，俗稱「大浪泵宮」或「大道公廟」，為市定古蹟。每年農曆3月15日，為慶祝保生大帝聖誕，特別舉辦為期2個月，結合宗教祭祀、民俗技藝、古蹟導覽、藝文研習、美學競賽、家姓戲、遼境踩街、過火、健康關懷與學術研討會的「保生文化祭」活動；是北臺灣最盛大、最熱鬧，人氣最旺的廟會活動，也使大龍峒成為北臺灣重要的文化重鎮。 大龍峒保安宮廟宇的裝飾藝術，如石獅、龍柱、花鳥、剪黏、泥塑、交趾陶、木雕、彩繪壁畫等，這些遠近馳名的藝術瑰寶，每一件都具有歷史及藝術的價值。保安宮在興建時，就聘請郭塔及陳應彬兩位匠師，將建築分成兩半，各自創作木雕、剪黏、泥塑或交趾陶，這種良性競爭就是當時流行的對場作。因此欣賞保安宮的裝飾藝術時，可同時欣賞左右兩邊，不同匠師的作品。正殿迴廊的7幅壁畫，是國寶級彩繪大師潘麗水的作品，吸引國內外的遊客流連忘返，讚嘆不已。大龍峒保安宮已從地方公廟，轉型為集宗教、文化、教育、藝術於一身的廟宇，對於臺北市大同區地方文化的活化，產生深遠的影響。特別是古蹟建築與修復更是身受國內外矚目。保安宮重建以來雖經過多次整修增建，但由於建造年代已久，更遭風吹、日曬、蟲噬，嚴重影響建築本體，不復昔日丰采，更有安全之虞。為了維護文化資產，1995年，保安宮進行重建以來規模最大的修復工程，保安宮自力籌措全部經費，並自行統籌、監造，成為全國首宗民間籌資主導古蹟的案例；修復工程更於2003年獲得聯合國教科文組織「2003年亞太文化資產保存獎」。',5,'103 臺北市大同區哈密街61號','捷運站名：圓山站2號出口，往庫倫街直走右轉大龍街，步行約15分鐘近孔廟旁.1.公車：重慶北路酒泉街口站：2、9、21、223、246、250、255、302、304副線、601、669、紅33 大龍峒保安宮站：41、288',25.073210,121.515540,1),(54,'雙溪生活水岸自行車道','從陽明山國家公園發源的雙溪，流經東吳大學之後，轉往公路北側，河濱綠地公園也由此綿延展開，河濱自行車道順勢闢建於左右兩岸，成為臺北市河川單車路網中，最貼近住宅區也維護得極為完善的短小精緻路徑。\n\n景色優美的雙溪河畔，引領平日生活繁忙的都市人，找到一條解放疲憊身心的綠色隧道，由雙溪左岸在銜接百齡橋右岸自行車道，百齡橋右岸河濱公園是玩橄欖球愛好者聚集之處，也常見足球隊伍相互較勁，單車族群也可加入這片青青草原，一路踏騎到承德橋下，順路造訪臺北市最後舢舨碼頭「三腳渡」。',2,'111 臺北市士林區雙溪河濱公園','捷運站名：芝山站或士林站，往士林橋方向前進，很快就可以抵達腳踏車道入口處。 劍潭站轉乘68公車前往。1.公車：紅5、206、255、260、285等，於捷運士林站下車，再騎乘腳踏車進入。68於洲美里站下車，自越堤坡道進入。 2.汽車：中山北路往士林方向行駛，於福林橋下轉入腳踏車道入口，即可抵達。',25.099920,121.528020,1),(55,'陽明山中山樓','陽明山國家公園內的中山樓，是蔣介石總統在位時，為了紀念國父孫中山先生百年誕辰，於1965年所興建，由名建築師修澤蘭女士規劃，位於群山環抱的綠意之中，外表為中國傳統古典式建築，內部陳設典雅細緻，過去是國民大會的會場，並為國家元首接待外賓或舉辦國宴的重要場地，如今已被指定為市立古蹟，並開放場地租借及參觀導覽，是一座具有歷史紀念價值的建築物。 參觀導覽 02-2861-6391 / 場地租借 02-2861-0565',4,'112 臺北市北投區陽明路二段15號','捷運劍潭站轉乘紅5、260至教師研習站下車到達公車－每日行駛：&nbsp;中山樓正門站─260 &nbsp;(說明：駛入園區直接停於本樓)中山樓站─260、681、紅5、1717(皇家客運) &nbsp;(說明：停於園區門口，步行5分鐘至本樓)陽明山站─230、303、小8、小9 &nbsp;(說明：步行5分鐘至園區門口，在步行5分至本樓)假日行駛：中山樓站─109、111、128 &nbsp;(說明：停於園區門口，步行5分鐘至本樓)陽明山站─129 &nbsp;(說明：步行5分鐘至園區門口，在步行5分至本樓)&nbsp;',25.155630,121.552650,1),(56,'臺北市鄉土教育中心_剝皮寮歷史街區','穿梭在臺北市萬華區的老舊巷弄中，有一處名為「剝皮寮」的老街區，這裡依然延續著百餘年前清代街道的風貌，紅色的磚牆、拱型的騎樓、雕花的窗櫺，呈現典雅樸實之美。\n\n剝皮寮歷史街區位於龍山寺旁，康定路、廣州街及昆明街口，街區內保存有相當完整的清代街型、清代傳統店屋，其建築空間見證了艋舺市街的發展，擁有獨特之歷史文化和建築特色。\n\n「臺北市鄉土教育中心」以融入式教育與文化之理念，使其作為推展鄉土教育之園地，將學校教育和社區文化相結合，規劃不同主題展覽，及剝皮寮相關歷史特展，並辦理各項教育活動，以達寓教於樂的功能。\n\n近年來，剝皮寮街區的發展除了推廣電影文化與活動及教育，更廣納優質的藝文展演，成為文化體驗平臺的入口，期望串聯在地特色，創造故事的流動與回憶，賦予這個空間更多的意義。詳情可見剝皮寮歷史街區營運中心(網址 http://www.bopiliao.taipei)',4,'108 臺北市萬華區康定路173巷','捷運站名：搭乘臺北捷運板南線於龍山寺站下車步行8-10 分鐘即可到達。公車－1.捷運龍山寺站1、231、234、245、263、264、265、265(右)、265(左)、265(區間車)、310、38、38(區間)、628、651、656、657、658、701、702、703、703(副)、705、907、和平幹線、藍28、201、49、5272.龍山寺(西園)49、527、673、234、265、265(右)、265(左)、265(夜)、265(區間車)、38、628、673、7053.龍山寺(康定路)201、205、229、231、234、242、264、38(區間)、601、62、624、628、658、701、702、703、703(副)、705、9、藍29、49、5274.老松國小218、218(直達)、302、628、673、藍295.龍山國中202(區間) 、231、245、263、265、265(右)、265(左)、265(夜)、265(區間車)、310、38、601、651、656、657、658、701、702、703、703(副)、9',25.036660,121.503270,1),(57,'臺北自來水園區','座落於公館商圈旁的臺北自來水園區，是一處完美融合歷史古蹟、工業遺產、親子遊樂與環境教育的多元化休閒空間。園區的核心，無疑是那座被列為國家三級古蹟的自來水博物館。這棟建於1908年（日治時期）的臺北水道地唧筒室（即抽水站），是臺灣近代自來水系統的起點，其建築本身就是一件藝術品，成為臺北熱門的婚紗攝影與外拍聖地之一。走進博物館內部，挑高的空間依然保存著當年運作的大型柴油馬達、抽水幫浦與配電盤等機組設備，讓遊客能親身感受百年前工業時代的震撼脈動。\n\n一到炎炎夏日，這裡便會化身為親子樂園。廣闊的園區內設有水鄉庭園與親水體驗區，提供大型戲水池、滑水道、噴泉與水砲等豐富設施，是孩子們消暑的最佳去處；而非夏季期間，這裡也是一片適合散步休憩的開闊廣場。此外，園區內還隱藏著一條觀音山生態步道，步道綠意盎然，登頂後可探訪同樣具有歷史的觀音山蓄水池。除了休閒功能，園區也肩負著水資源的教育使命，透過互動裝置與展覽，向大眾傳遞水資源保育的重要性。從百年古蹟的建築之美、夏日限定的沁涼歡笑，到生態步道的自然綠意，臺北自來水園區已成為一個適合全家大小，兼具知性與感性的城市綠洲。',8,'100 臺北市中正區思源街1號','自來水博物館區：捷運公館站4號出口，左轉往思源街與汀州路口方向步行約5分鐘。親水體驗教育區：捷運公館站1號出口，往汀州路三段160巷口方向步行約3分鐘。公車： 0 南、 1 、 52 、 74 、 109 、 208 、214 、236 、 251 、 252 、 253 、 254 、 278 、 280 、 284 、 290 、 311 、 505 、 530 、 606 、 642 、 643 、 644 、 648 、660、671、672、673、676、907、藍28、棕12、綠11、綠13、敦化幹線，至捷運公館站下車。（1、74、208、214、280、284、630、671等線公車配有低地板公車行駛）',25.012530,121.530000,1),(58,'華中河濱公園','位於華中河濱公園內華中橋旁，於98年7月啟用，占地12公頃，帳篷露營區可容納800人，是全台最大型的河濱露營場。鄰近大型停車場交通便利，設置有汽車露營，並附水電供應，男女淋浴間、男女廁完備，其中更設置露營車專用汙水排放孔，為全國首例。露營場面對新店溪，環繞著河濱自行車道，周邊有自行車租借站、五人制足球場、沙灘排球場、籃球場、網球場等休閒運動設施，提供多元遊憩的活動環境，開啟河濱公園多元利用的一頁，成為台北市民最佳休憩的後花園。',6,'108 臺北市萬華區萬大路底華中橋旁','轉搭藍28至「華中河濱公園」下車搭乘12，49，62，204，260，601，630，673，藍28，藍29至「華中河濱公園」下車',25.015400,121.494760,1),(59,'彩虹起跑線','2020年9月，臺北市第二道炫目的彩虹地景「彩虹起跑線」在臺北市東區誕生了！位於臺北市政府前市民廣場。\n\n此處彩虹地景由市府延伸至議會方向，類似跑道的形式上巧妙劃了一條線，就像是奔往幸福的起點般，不僅再次傳達臺北市提倡性平的初心，更呼應每年在市府前起走的臺灣同志大遊行。彩虹地景彷彿凝聚著所有人的期待與熱情，讓大家在市府前踩著堅定的步伐，穩穩地朝著幸福之路前進。\n\n(資料來源：臺北市政府觀光傳播局)',1,'110 臺北市信義區市府路1號 (臺北市政府前市民廣場)','捷運站名：板南線市府站2號出口，走基隆路再走市府路即可到達.松智路站：277、46、266副、699、28、537、博愛公車。松壽路站：665、20、284、647、650、202、621、611、612、266、28、281、245。市府路站：245、261、311、202、263、270、266、651、281、28、537、612。捷運接駁：藍5，於「市政府站」下車；藍7，於「捷運市政府站」下車。',25.037697,121.563394,1),(60,'硫磺谷_大磺嘴','陽明山國家公園硫磺谷地熱景觀區，周圍擁有豐富的火成岩及沉積岩地質環境，周邊還有許多景點，如龍鳳谷、磺溪溫泉步道等，走累了、玩累了還可以前往泡腳池休息，因為溫泉屬酸性硫酸鹽泉，受地底熱作用，含有豐富的硫化物等磺物質，水質呈黃白色、有硫磺味，俗稱「白磺」，泉溫40~60℃，pH值則介於3.2至4.6間，是一處非常適合全家大小一起來享受的好地方。\n\n【硫磺谷泡腳池園區】\n園區位址：臺北市北投區泉源路77號對面硫磺谷地熱景觀區內\n營運時間：每週二至週日，8時-18時止\n\n(資料來源：臺北市政府產業發展局)',7,'112 臺北市北投區泉源路','捷運站名：北投捷運站搭乘小7、小9、小26公車於「彌陀寺站」下車。',25.143580,121.521190,1),(61,'陽明山溫泉區_小油坑','小油坑為一處後火山活動地質景觀區，由陽金公路的小觀音站右轉可達觀景步道，以「後火山作用」所形成之噴氣孔、硫磺結晶、溫泉及壯觀的崩塌地形最具特色。\n\n而在這裡的眺望平台還可遠眺竹子山、大屯山、七星山與小觀音山等火山錐體，以及金山海岸、停車場等。喜歡觀察植物的遊客，還可以用十幾分鐘的時間，一遊附近的箭竹林步道，觀察箭竹林、芒草原和火山植物。&nbsp;',7,'112 臺北市北投區竹子湖路69號','捷運站名：劍潭捷運站搭乘紅5公車至陽明山站，轉搭108公車至小油坑服務站下車。',25.176690,121.546830,1);
/*!40000 ALTER TABLE `attraction` ENABLE KEYS */;
UNLOCK TABLES;

--
-- Table structure for table `attraction_mrt`
--

DROP TABLE IF EXISTS `attraction_mrt`;
/*!40101 SET @saved_cs_client     = @@character_set_client */;
/*!50503 SET character_set_client = utf8mb4 */;
CREATE TABLE `attraction_mrt` (
  `attraction_id` bigint NOT NULL,
  `mrt_id` bigint DEFAULT NULL,
  UNIQUE KEY `uni_idx` (`attraction_id`,`mrt_id`),
  KEY `mrt_id` (`mrt_id`),
  CONSTRAINT `attraction_mrt_ibfk_1` FOREIGN KEY (`attraction_id`) REFERENCES `attraction` (`id`),
  CONSTRAINT `attraction_mrt_ibfk_2` FOREIGN KEY (`mrt_id`) REFERENCES `mrt` (`id`)
) ENGINE=InnoDB DEFAULT CHARSET=utf8mb4 COLLATE=utf8mb4_0900_ai_ci;
/*!40101 SET character_set_client = @saved_cs_client */;

--
-- Dumping data for table `attraction_mrt`
--

LOCK TABLES `attraction_mrt` WRITE;
/*!40000 ALTER TABLE `attraction_mrt` DISABLE KEYS */;
INSERT INTO `attraction_mrt` VALUES (1,26),(2,28),(3,27),(4,27),(5,26),(6,31),(7,14),(8,4),(9,26),(10,24),(11,3),(12,8),(13,26),(14,20),(15,32),(16,16),(17,26),(18,2),(19,17),(20,21),(21,34),(22,15),(23,28),(24,26),(25,22),(26,23),(27,NULL),(28,16),(29,33),(30,13),(31,7),(32,25),(33,2),(34,31),(35,9),(36,22),(37,22),(38,13),(39,18),(40,16),(41,20),(42,2),(43,10),(44,19),(45,2),(46,5),(47,1),(48,21),(49,31),(50,6),(51,17),(52,32),(53,13),(54,29),(55,31),(56,3),(57,12),(58,3),(59,32),(60,5),(61,31);
/*!40000 ALTER TABLE `attraction_mrt` ENABLE KEYS */;
UNLOCK TABLES;

--
-- Table structure for table `booking`
--

DROP TABLE IF EXISTS `booking`;
/*!40101 SET @saved_cs_client     = @@character_set_client */;
/*!50503 SET character_set_client = utf8mb4 */;
CREATE TABLE `booking` (
  `id` bigint NOT NULL AUTO_INCREMENT,
  `user_id` bigint NOT NULL,
  `attraction_id` bigint NOT NULL,
  `booking_price_id` bigint NOT NULL,
  `visit_date` date NOT NULL,
  `booking_num` int NOT NULL,
  `create_date` timestamp NOT NULL DEFAULT CURRENT_TIMESTAMP,
  PRIMARY KEY (`id`),
  KEY `user_id` (`user_id`),
  KEY `attraction_id` (`attraction_id`),
  KEY `booking_price_id` (`booking_price_id`),
  CONSTRAINT `booking_ibfk_1` FOREIGN KEY (`user_id`) REFERENCES `user` (`id`),
  CONSTRAINT `booking_ibfk_2` FOREIGN KEY (`attraction_id`) REFERENCES `attraction` (`id`),
  CONSTRAINT `booking_ibfk_3` FOREIGN KEY (`booking_price_id`) REFERENCES `booking_price` (`id`)
) ENGINE=InnoDB AUTO_INCREMENT=25 DEFAULT CHARSET=utf8mb4 COLLATE=utf8mb4_0900_ai_ci;
/*!40101 SET character_set_client = @saved_cs_client */;

--
-- Dumping data for table `booking`
--

LOCK TABLES `booking` WRITE;
/*!40000 ALTER TABLE `booking` DISABLE KEYS */;
INSERT INTO `booking` VALUES (19,7,11,2,'2026-07-15',1,'2026-07-14 11:08:54');
/*!40000 ALTER TABLE `booking` ENABLE KEYS */;
UNLOCK TABLES;

--
-- Table structure for table `booking_price`
--

DROP TABLE IF EXISTS `booking_price`;
/*!40101 SET @saved_cs_client     = @@character_set_client */;
/*!50503 SET character_set_client = utf8mb4 */;
CREATE TABLE `booking_price` (
  `id` bigint NOT NULL AUTO_INCREMENT,
  `time` varchar(50) NOT NULL,
  `price` decimal(10,2) NOT NULL,
  `start_date` date NOT NULL,
  `end_date` date DEFAULT NULL,
  PRIMARY KEY (`id`),
  UNIQUE KEY `uni_idx` (`time`,`price`,`start_date`)
) ENGINE=InnoDB AUTO_INCREMENT=3 DEFAULT CHARSET=utf8mb4 COLLATE=utf8mb4_0900_ai_ci;
/*!40101 SET character_set_client = @saved_cs_client */;

--
-- Dumping data for table `booking_price`
--

LOCK TABLES `booking_price` WRITE;
/*!40000 ALTER TABLE `booking_price` DISABLE KEYS */;
INSERT INTO `booking_price` VALUES (1,'beforenoon',2000.00,'2023-09-01',NULL),(2,'afternoon',2500.00,'2023-09-01',NULL);
/*!40000 ALTER TABLE `booking_price` ENABLE KEYS */;
UNLOCK TABLES;

--
-- Table structure for table `category`
--

DROP TABLE IF EXISTS `category`;
/*!40101 SET @saved_cs_client     = @@character_set_client */;
/*!50503 SET character_set_client = utf8mb4 */;
CREATE TABLE `category` (
  `id` bigint NOT NULL AUTO_INCREMENT,
  `category_name` varchar(50) NOT NULL,
  PRIMARY KEY (`id`),
  UNIQUE KEY `category_name` (`category_name`)
) ENGINE=InnoDB AUTO_INCREMENT=10 DEFAULT CHARSET=utf8mb4 COLLATE=utf8mb4_0900_ai_ci;
/*!40101 SET character_set_client = @saved_cs_client */;

--
-- Dumping data for table `category`
--

LOCK TABLES `category` WRITE;
/*!40000 ALTER TABLE `category` DISABLE KEYS */;
INSERT INTO `category` VALUES (1,'其　　他'),(2,'單車遊蹤'),(5,'宗教信仰'),(6,'戶外踏青'),(4,'歷史建築'),(3,'藍色公路'),(8,'藝文館所'),(9,'親子共遊'),(7,'養生溫泉');
/*!40000 ALTER TABLE `category` ENABLE KEYS */;
UNLOCK TABLES;

--
-- Table structure for table `image_url`
--

DROP TABLE IF EXISTS `image_url`;
/*!40101 SET @saved_cs_client     = @@character_set_client */;
/*!50503 SET character_set_client = utf8mb4 */;
CREATE TABLE `image_url` (
  `id` bigint NOT NULL AUTO_INCREMENT,
  `attraction_id` bigint NOT NULL,
  `url` varchar(500) NOT NULL,
  PRIMARY KEY (`id`),
  KEY `attraction_id` (`attraction_id`),
  CONSTRAINT `image_url_ibfk_1` FOREIGN KEY (`attraction_id`) REFERENCES `attraction` (`id`)
) ENGINE=InnoDB AUTO_INCREMENT=749 DEFAULT CHARSET=utf8mb4 COLLATE=utf8mb4_0900_ai_ci;
/*!40101 SET character_set_client = @saved_cs_client */;

--
-- Dumping data for table `image_url`
--

LOCK TABLES `image_url` WRITE;
/*!40000 ALTER TABLE `image_url` DISABLE KEYS */;
INSERT INTO `image_url` VALUES (329,48,'https://www.travel.taipei/image/63649'),(330,48,'https://www.travel.taipei/image/63651'),(331,48,'https://www.travel.taipei/image/63655'),(332,48,'https://www.travel.taipei/image/63656'),(333,48,'https://www.travel.taipei/image/175546'),(334,48,'https://www.travel.taipei/image/175547'),(335,48,'https://www.travel.taipei/image/181471'),(336,48,'https://www.travel.taipei/image/181472'),(337,48,'https://www.travel.taipei/image/181473'),(338,48,'https://www.travel.taipei/image/181474'),(339,48,'https://www.travel.taipei/image/181475'),(340,48,'https://www.travel.taipei/image/63630'),(341,48,'https://www.travel.taipei/image/63644'),(342,48,'https://www.travel.taipei/image/63648'),(343,24,'https://www.travel.taipei/image/174759'),(344,24,'https://www.travel.taipei/image/174760'),(345,24,'https://www.travel.taipei/image/174761'),(346,24,'https://www.travel.taipei/image/174762'),(347,24,'https://www.travel.taipei/image/174763'),(348,24,'https://www.travel.taipei/image/174758'),(349,46,'https://www.travel.taipei/image/63822'),(350,46,'https://www.travel.taipei/image/63823'),(351,46,'https://www.travel.taipei/image/63824'),(352,46,'https://www.travel.taipei/image/63826'),(353,17,'https://www.travel.taipei/image/222580'),(354,17,'https://www.travel.taipei/image/222581'),(355,17,'https://www.travel.taipei/image/222582'),(356,17,'https://www.travel.taipei/image/222583'),(357,17,'https://www.travel.taipei/image/222584'),(358,17,'https://www.travel.taipei/image/222575'),(359,17,'https://www.travel.taipei/image/222576'),(360,17,'https://www.travel.taipei/image/222577'),(361,17,'https://www.travel.taipei/image/222578'),(362,17,'https://www.travel.taipei/image/222579'),(363,21,'https://www.travel.taipei/image/64607'),(364,21,'https://www.travel.taipei/image/182759'),(365,21,'https://www.travel.taipei/image/182852'),(366,36,'https://www.travel.taipei/image/63661'),(367,36,'https://www.travel.taipei/image/63662'),(368,36,'https://www.travel.taipei/image/63663'),(369,25,'https://www.travel.taipei/image/182535'),(370,25,'https://www.travel.taipei/image/182536'),(371,25,'https://www.travel.taipei/image/182537'),(372,25,'https://www.travel.taipei/image/182538'),(373,25,'https://www.travel.taipei/image/182539'),(374,25,'https://www.travel.taipei/image/182540'),(375,25,'https://www.travel.taipei/image/182542'),(376,25,'https://www.travel.taipei/image/182543'),(377,25,'https://www.travel.taipei/image/182544'),(378,4,'https://www.travel.taipei/image/221733'),(379,4,'https://www.travel.taipei/image/221734'),(380,4,'https://www.travel.taipei/image/221735'),(381,4,'https://www.travel.taipei/image/221736'),(382,4,'https://www.travel.taipei/image/221737'),(383,4,'https://www.travel.taipei/image/221738'),(384,4,'https://www.travel.taipei/image/221739'),(385,4,'https://www.travel.taipei/image/221740'),(386,4,'https://www.travel.taipei/image/221731'),(387,4,'https://www.travel.taipei/image/221732'),(388,41,'https://www.travel.taipei/image/562210'),(389,41,'https://www.travel.taipei/image/562213'),(390,41,'https://www.travel.taipei/image/562214'),(391,41,'https://www.travel.taipei/image/562217'),(392,49,'https://www.travel.taipei/image/63496'),(393,8,'https://www.travel.taipei/image/222058'),(394,8,'https://www.travel.taipei/image/222049'),(395,8,'https://www.travel.taipei/image/222050'),(396,8,'https://www.travel.taipei/image/222051'),(397,8,'https://www.travel.taipei/image/222052'),(398,8,'https://www.travel.taipei/image/222053'),(399,8,'https://www.travel.taipei/image/222054'),(400,8,'https://www.travel.taipei/image/222055'),(401,8,'https://www.travel.taipei/image/222056'),(402,8,'https://www.travel.taipei/image/222057'),(403,31,'https://www.travel.taipei/image/221996'),(404,31,'https://www.travel.taipei/image/221988'),(405,31,'https://www.travel.taipei/image/221989'),(406,31,'https://www.travel.taipei/image/221990'),(407,31,'https://www.travel.taipei/image/221991'),(408,31,'https://www.travel.taipei/image/221992'),(409,31,'https://www.travel.taipei/image/221993'),(410,31,'https://www.travel.taipei/image/221994'),(411,31,'https://www.travel.taipei/image/221995'),(412,53,'https://www.travel.taipei/image/63868'),(413,53,'https://www.travel.taipei/image/63869'),(414,53,'https://www.travel.taipei/image/63871'),(415,53,'https://www.travel.taipei/image/63875'),(416,53,'https://www.travel.taipei/image/63880'),(417,50,'https://www.travel.taipei/image/468072'),(418,50,'https://www.travel.taipei/image/468063'),(419,50,'https://www.travel.taipei/image/468064'),(420,50,'https://www.travel.taipei/image/468065'),(421,50,'https://www.travel.taipei/image/468066'),(422,50,'https://www.travel.taipei/image/468067'),(423,50,'https://www.travel.taipei/image/468068'),(424,50,'https://www.travel.taipei/image/468069'),(425,50,'https://www.travel.taipei/image/468070'),(426,50,'https://www.travel.taipei/image/468071'),(427,44,'https://www.travel.taipei/image/179307'),(428,44,'https://www.travel.taipei/image/179308'),(429,44,'https://www.travel.taipei/image/179309'),(430,44,'https://www.travel.taipei/image/179310'),(431,44,'https://www.travel.taipei/image/103329'),(432,44,'https://www.travel.taipei/image/179273'),(433,44,'https://www.travel.taipei/image/179299'),(434,44,'https://www.travel.taipei/image/179300'),(435,44,'https://www.travel.taipei/image/179301'),(436,44,'https://www.travel.taipei/image/179302'),(437,44,'https://www.travel.taipei/image/179306'),(438,29,'https://www.travel.taipei/image/179257'),(439,29,'https://www.travel.taipei/image/179258'),(440,29,'https://www.travel.taipei/image/179260'),(441,29,'https://www.travel.taipei/image/179261'),(442,29,'https://www.travel.taipei/image/179263'),(443,29,'https://www.travel.taipei/image/179264'),(444,29,'https://www.travel.taipei/image/179265'),(445,29,'https://www.travel.taipei/image/179267'),(446,29,'https://www.travel.taipei/image/179268'),(447,29,'https://www.travel.taipei/image/179269'),(448,29,'https://www.travel.taipei/image/179270'),(449,29,'https://www.travel.taipei/image/179271'),(450,34,'https://www.travel.taipei/image/63343'),(451,34,'https://www.travel.taipei/image/63342'),(452,28,'https://www.travel.taipei/image/361246'),(453,28,'https://www.travel.taipei/image/361247'),(454,28,'https://www.travel.taipei/image/64566'),(455,28,'https://www.travel.taipei/image/64567'),(456,38,'https://www.travel.taipei/image/175616'),(457,38,'https://www.travel.taipei/image/175617'),(458,38,'https://www.travel.taipei/image/175618'),(459,38,'https://www.travel.taipei/image/175619'),(460,38,'https://www.travel.taipei/image/175620'),(461,38,'https://www.travel.taipei/image/175621'),(462,38,'https://www.travel.taipei/image/175623'),(463,38,'https://www.travel.taipei/image/175047'),(464,11,'https://www.travel.taipei/image/468018'),(465,11,'https://www.travel.taipei/image/468019'),(466,11,'https://www.travel.taipei/image/468020'),(467,11,'https://www.travel.taipei/image/468021'),(468,11,'https://www.travel.taipei/image/63935'),(469,11,'https://www.travel.taipei/image/468007'),(470,11,'https://www.travel.taipei/image/468010'),(471,11,'https://www.travel.taipei/image/468011'),(472,11,'https://www.travel.taipei/image/468015'),(473,11,'https://www.travel.taipei/image/468016'),(474,11,'https://www.travel.taipei/image/468017'),(475,58,'https://www.travel.taipei/image/64732'),(476,58,'https://www.travel.taipei/image/64734'),(477,58,'https://www.travel.taipei/image/64735'),(478,58,'https://www.travel.taipei/image/64731'),(479,19,'https://www.travel.taipei/image/325920'),(480,19,'https://www.travel.taipei/image/325921'),(481,19,'https://www.travel.taipei/image/325922'),(482,19,'https://www.travel.taipei/image/325923'),(483,19,'https://www.travel.taipei/image/325924'),(484,19,'https://www.travel.taipei/image/325925'),(485,19,'https://www.travel.taipei/image/325926'),(486,19,'https://www.travel.taipei/image/325927'),(487,19,'https://www.travel.taipei/image/325928'),(488,19,'https://www.travel.taipei/image/325929'),(489,12,'https://www.travel.taipei/image/292768'),(490,12,'https://www.travel.taipei/image/292769'),(491,12,'https://www.travel.taipei/image/292770'),(492,12,'https://www.travel.taipei/image/292763'),(493,12,'https://www.travel.taipei/image/292764'),(494,12,'https://www.travel.taipei/image/292765'),(495,12,'https://www.travel.taipei/image/292766'),(496,12,'https://www.travel.taipei/image/292767'),(497,22,'https://www.travel.taipei/image/192688'),(498,22,'https://www.travel.taipei/image/192689'),(499,22,'https://www.travel.taipei/image/192690'),(500,22,'https://www.travel.taipei/image/192691'),(501,22,'https://www.travel.taipei/image/192695'),(502,22,'https://www.travel.taipei/image/192696'),(503,22,'https://www.travel.taipei/image/192687'),(504,43,'https://www.travel.taipei/image/293072'),(505,43,'https://www.travel.taipei/image/293073'),(506,43,'https://www.travel.taipei/image/293074'),(507,43,'https://www.travel.taipei/image/293075'),(508,43,'https://www.travel.taipei/image/293076'),(509,43,'https://www.travel.taipei/image/293068'),(510,43,'https://www.travel.taipei/image/293069'),(511,43,'https://www.travel.taipei/image/293070'),(512,43,'https://www.travel.taipei/image/293071'),(513,20,'https://www.travel.taipei/image/107067'),(514,20,'https://www.travel.taipei/image/126702'),(515,20,'https://www.travel.taipei/image/107058'),(516,20,'https://www.travel.taipei/image/107060'),(517,20,'https://www.travel.taipei/image/107064'),(518,20,'https://www.travel.taipei/image/107065'),(519,55,'https://www.travel.taipei/image/214231'),(520,55,'https://www.travel.taipei/image/214220'),(521,55,'https://www.travel.taipei/image/214221'),(522,55,'https://www.travel.taipei/image/214222'),(523,55,'https://www.travel.taipei/image/214223'),(524,55,'https://www.travel.taipei/image/214224'),(525,55,'https://www.travel.taipei/image/214225'),(526,55,'https://www.travel.taipei/image/214226'),(527,55,'https://www.travel.taipei/image/214227'),(528,55,'https://www.travel.taipei/image/214228'),(529,55,'https://www.travel.taipei/image/214230'),(530,27,'https://www.travel.taipei/image/173845'),(531,27,'https://www.travel.taipei/image/173847'),(532,27,'https://www.travel.taipei/image/183001'),(533,27,'https://www.travel.taipei/image/183004'),(534,27,'https://www.travel.taipei/image/183005'),(535,27,'https://www.travel.taipei/image/183006'),(536,27,'https://www.travel.taipei/image/183008'),(537,27,'https://www.travel.taipei/image/183009'),(538,27,'https://www.travel.taipei/image/183011'),(539,35,'https://www.travel.taipei/image/221111'),(540,35,'https://www.travel.taipei/image/221112'),(541,35,'https://www.travel.taipei/image/221113'),(542,35,'https://www.travel.taipei/image/221114'),(543,35,'https://www.travel.taipei/image/221115'),(544,35,'https://www.travel.taipei/image/221106'),(545,35,'https://www.travel.taipei/image/221107'),(546,35,'https://www.travel.taipei/image/221108'),(547,35,'https://www.travel.taipei/image/221109'),(548,35,'https://www.travel.taipei/image/221110'),(549,14,'https://www.travel.taipei/image/222951'),(550,14,'https://www.travel.taipei/image/222952'),(551,14,'https://www.travel.taipei/image/222953'),(552,14,'https://www.travel.taipei/image/222954'),(553,14,'https://www.travel.taipei/image/222955'),(554,14,'https://www.travel.taipei/image/222956'),(555,14,'https://www.travel.taipei/image/222957'),(556,14,'https://www.travel.taipei/image/222958'),(557,14,'https://www.travel.taipei/image/222959'),(558,14,'https://www.travel.taipei/image/222960'),(559,37,'https://www.travel.taipei/image/63724'),(560,37,'https://www.travel.taipei/image/63725'),(561,37,'https://www.travel.taipei/image/63727'),(562,37,'https://www.travel.taipei/image/63729'),(563,37,'https://www.travel.taipei/image/63721'),(564,47,'https://www.travel.taipei/image/98306'),(565,47,'https://www.travel.taipei/image/162923'),(566,47,'https://www.travel.taipei/image/162924'),(567,47,'https://www.travel.taipei/image/162925'),(568,47,'https://www.travel.taipei/image/98301'),(569,47,'https://www.travel.taipei/image/98302'),(570,47,'https://www.travel.taipei/image/98304'),(571,47,'https://www.travel.taipei/image/98305'),(572,42,'https://www.travel.taipei/image/63378'),(573,42,'https://www.travel.taipei/image/63380'),(574,42,'https://www.travel.taipei/image/63389'),(575,42,'https://www.travel.taipei/image/63391'),(576,42,'https://www.travel.taipei/image/63370'),(577,42,'https://www.travel.taipei/image/63375'),(578,42,'https://www.travel.taipei/image/63377'),(579,5,'https://www.travel.taipei/image/221368'),(580,5,'https://www.travel.taipei/image/221369'),(581,5,'https://www.travel.taipei/image/221370'),(582,5,'https://www.travel.taipei/image/221371'),(583,5,'https://www.travel.taipei/image/221372'),(584,5,'https://www.travel.taipei/image/221366'),(585,5,'https://www.travel.taipei/image/221367'),(586,10,'https://www.travel.taipei/image/222131'),(587,10,'https://www.travel.taipei/image/222132'),(588,10,'https://www.travel.taipei/image/222133'),(589,10,'https://www.travel.taipei/image/222134'),(590,10,'https://www.travel.taipei/image/222135'),(591,10,'https://www.travel.taipei/image/222136'),(592,10,'https://www.travel.taipei/image/222137'),(593,10,'https://www.travel.taipei/image/222138'),(594,10,'https://www.travel.taipei/image/222129'),(595,26,'https://www.travel.taipei/image/63542'),(596,26,'https://www.travel.taipei/image/63543'),(597,26,'https://www.travel.taipei/image/63544'),(598,26,'https://www.travel.taipei/image/63546'),(599,26,'https://www.travel.taipei/image/63548'),(600,26,'https://www.travel.taipei/image/63550'),(601,26,'https://www.travel.taipei/image/63551'),(602,9,'https://www.travel.taipei/image/282092'),(603,9,'https://www.travel.taipei/image/282084'),(604,9,'https://www.travel.taipei/image/282085'),(605,9,'https://www.travel.taipei/image/282086'),(606,9,'https://www.travel.taipei/image/282087'),(607,9,'https://www.travel.taipei/image/282088'),(608,9,'https://www.travel.taipei/image/282089'),(609,9,'https://www.travel.taipei/image/282090'),(610,9,'https://www.travel.taipei/image/282091'),(611,30,'https://www.travel.taipei/image/65476'),(612,3,'https://www.travel.taipei/image/221280'),(613,3,'https://www.travel.taipei/image/221281'),(614,3,'https://www.travel.taipei/image/221283'),(615,3,'https://www.travel.taipei/image/221284'),(616,3,'https://www.travel.taipei/image/221285'),(617,3,'https://www.travel.taipei/image/221287'),(618,3,'https://www.travel.taipei/image/478213'),(619,3,'https://www.travel.taipei/image/478214'),(620,3,'https://www.travel.taipei/image/478215'),(621,3,'https://www.travel.taipei/image/221278'),(622,3,'https://www.travel.taipei/image/221279'),(623,2,'https://www.travel.taipei/image/182690'),(624,2,'https://www.travel.taipei/image/182691'),(625,2,'https://www.travel.taipei/image/182692'),(626,2,'https://www.travel.taipei/image/182693'),(627,2,'https://www.travel.taipei/image/182698'),(628,2,'https://www.travel.taipei/image/182702'),(629,2,'https://www.travel.taipei/image/182703'),(630,2,'https://www.travel.taipei/image/214149'),(631,2,'https://www.travel.taipei/image/223127'),(632,2,'https://www.travel.taipei/image/223128'),(633,2,'https://www.travel.taipei/image/223129'),(634,2,'https://www.travel.taipei/image/63302'),(635,1,'https://www.travel.taipei/image/292631'),(636,1,'https://www.travel.taipei/image/292623'),(637,1,'https://www.travel.taipei/image/292624'),(638,1,'https://www.travel.taipei/image/292625'),(639,1,'https://www.travel.taipei/image/292626'),(640,1,'https://www.travel.taipei/image/292627'),(641,1,'https://www.travel.taipei/image/292628'),(642,1,'https://www.travel.taipei/image/292629'),(643,1,'https://www.travel.taipei/image/292630'),(644,23,'https://www.travel.taipei/image/64305'),(645,23,'https://www.travel.taipei/image/64308'),(646,23,'https://www.travel.taipei/image/64313'),(647,23,'https://www.travel.taipei/image/180737'),(648,23,'https://www.travel.taipei/image/64294'),(649,23,'https://www.travel.taipei/image/64297'),(650,23,'https://www.travel.taipei/image/64300'),(651,23,'https://www.travel.taipei/image/64302'),(652,23,'https://www.travel.taipei/image/64304'),(653,40,'https://www.travel.taipei/image/63334'),(654,40,'https://www.travel.taipei/image/63329'),(655,40,'https://www.travel.taipei/image/63331'),(656,40,'https://www.travel.taipei/image/63333'),(657,57,'https://www.travel.taipei/image/63614'),(658,57,'https://www.travel.taipei/image/180704'),(659,57,'https://www.travel.taipei/image/180707'),(660,57,'https://www.travel.taipei/image/180708'),(661,57,'https://www.travel.taipei/image/180709'),(662,57,'https://www.travel.taipei/image/180711'),(663,57,'https://www.travel.taipei/image/180713'),(664,57,'https://www.travel.taipei/image/180714'),(665,57,'https://www.travel.taipei/image/180716'),(666,57,'https://www.travel.taipei/image/180717'),(667,57,'https://www.travel.taipei/image/180718'),(668,57,'https://www.travel.taipei/image/63612'),(669,57,'https://www.travel.taipei/image/63613'),(670,56,'https://www.travel.taipei/image/176584'),(671,56,'https://www.travel.taipei/image/176585'),(672,56,'https://www.travel.taipei/image/176586'),(673,56,'https://www.travel.taipei/image/176587'),(674,56,'https://www.travel.taipei/image/176588'),(675,56,'https://www.travel.taipei/image/176589'),(676,56,'https://www.travel.taipei/image/176576'),(677,56,'https://www.travel.taipei/image/176577'),(678,56,'https://www.travel.taipei/image/176578'),(679,56,'https://www.travel.taipei/image/176579'),(680,56,'https://www.travel.taipei/image/176580'),(681,56,'https://www.travel.taipei/image/176581'),(682,56,'https://www.travel.taipei/image/176582'),(683,56,'https://www.travel.taipei/image/176583'),(684,32,'https://www.travel.taipei/image/215692'),(685,32,'https://www.travel.taipei/image/215693'),(686,32,'https://www.travel.taipei/image/215694'),(687,32,'https://www.travel.taipei/image/215695'),(688,32,'https://www.travel.taipei/image/215687'),(689,32,'https://www.travel.taipei/image/215688'),(690,32,'https://www.travel.taipei/image/215689'),(691,32,'https://www.travel.taipei/image/215690'),(692,32,'https://www.travel.taipei/image/215691'),(693,39,'https://www.travel.taipei/image/292476'),(694,39,'https://www.travel.taipei/image/292477'),(695,39,'https://www.travel.taipei/image/292478'),(696,39,'https://www.travel.taipei/image/292479'),(697,39,'https://www.travel.taipei/image/292480'),(698,39,'https://www.travel.taipei/image/292481'),(699,39,'https://www.travel.taipei/image/292483'),(700,39,'https://www.travel.taipei/image/292484'),(701,39,'https://www.travel.taipei/image/292485'),(702,7,'https://www.travel.taipei/image/63340'),(703,7,'https://www.travel.taipei/image/63335'),(704,7,'https://www.travel.taipei/image/63337'),(705,7,'https://www.travel.taipei/image/63339'),(706,45,'https://www.travel.taipei/image/64043'),(707,45,'https://www.travel.taipei/image/64045'),(708,45,'https://www.travel.taipei/image/64046'),(709,45,'https://www.travel.taipei/image/64049'),(710,45,'https://www.travel.taipei/image/64054'),(711,45,'https://www.travel.taipei/image/64062'),(712,33,'https://www.travel.taipei/image/63313'),(713,33,'https://www.travel.taipei/image/63315'),(714,33,'https://www.travel.taipei/image/63318'),(715,33,'https://www.travel.taipei/image/63319'),(716,33,'https://www.travel.taipei/image/63320'),(717,33,'https://www.travel.taipei/image/63322'),(718,33,'https://www.travel.taipei/image/63323'),(719,54,'https://www.travel.taipei/image/63344'),(720,54,'https://www.travel.taipei/image/63345'),(721,54,'https://www.travel.taipei/image/63349'),(722,54,'https://www.travel.taipei/image/63350'),(723,54,'https://www.travel.taipei/image/63352'),(724,54,'https://www.travel.taipei/image/63354'),(725,54,'https://www.travel.taipei/image/63357'),(726,54,'https://www.travel.taipei/image/63359'),(727,54,'https://www.travel.taipei/image/63362'),(728,59,'https://www.travel.taipei/image/191906'),(729,59,'https://www.travel.taipei/image/191907'),(730,59,'https://www.travel.taipei/image/191908'),(731,60,'https://www.travel.taipei/image/215808'),(732,60,'https://www.travel.taipei/image/215809'),(733,60,'https://www.travel.taipei/image/215810'),(734,60,'https://www.travel.taipei/image/215811'),(735,60,'https://www.travel.taipei/image/215802'),(736,60,'https://www.travel.taipei/image/215803'),(737,60,'https://www.travel.taipei/image/215804'),(738,60,'https://www.travel.taipei/image/215805'),(739,60,'https://www.travel.taipei/image/215806'),(740,60,'https://www.travel.taipei/image/215807'),(741,61,'https://www.travel.taipei/image/63396'),(742,61,'https://www.travel.taipei/image/179910'),(743,61,'https://www.travel.taipei/image/179911'),(744,61,'https://www.travel.taipei/image/179912'),(745,61,'https://www.travel.taipei/image/179913'),(746,61,'https://www.travel.taipei/image/179914'),(747,61,'https://www.travel.taipei/image/63393'),(748,61,'https://www.travel.taipei/image/63395');
/*!40000 ALTER TABLE `image_url` ENABLE KEYS */;
UNLOCK TABLES;

--
-- Table structure for table `mrt`
--

DROP TABLE IF EXISTS `mrt`;
/*!40101 SET @saved_cs_client     = @@character_set_client */;
/*!50503 SET character_set_client = utf8mb4 */;
CREATE TABLE `mrt` (
  `id` bigint NOT NULL AUTO_INCREMENT,
  `mrt_name` varchar(255) NOT NULL,
  PRIMARY KEY (`id`),
  UNIQUE KEY `mrt_name` (`mrt_name`)
) ENGINE=InnoDB AUTO_INCREMENT=35 DEFAULT CHARSET=utf8mb4 COLLATE=utf8mb4_0900_ai_ci;
/*!40101 SET character_set_client = @saved_cs_client */;

--
-- Dumping data for table `mrt`
--

LOCK TABLES `mrt` WRITE;
/*!40000 ALTER TABLE `mrt` DISABLE KEYS */;
INSERT INTO `mrt` VALUES (22,'中山'),(20,'中正紀念堂'),(12,'公館'),(31,'劍潭'),(16,'動物園'),(5,'北投'),(34,'台北101／世貿'),(14,'唭哩岸'),(23,'國父紀念館'),(13,'圓山'),(27,'士林'),(4,'大安森林公園'),(7,'大湖公園'),(25,'大直'),(32,'市政府'),(17,'忠孝新生'),(18,'忠義'),(33,'文德'),(26,'新北投'),(6,'木柵'),(19,'松山'),(15,'松江南京'),(9,'石牌'),(21,'臺大醫院'),(29,'芝山'),(1,'葫洲'),(8,'行天宮'),(10,'西門'),(24,'象山'),(2,'關渡'),(28,'雙連'),(3,'龍山寺');
/*!40000 ALTER TABLE `mrt` ENABLE KEYS */;
UNLOCK TABLES;

--
-- Table structure for table `order`
--

DROP TABLE IF EXISTS `order`;
/*!40101 SET @saved_cs_client     = @@character_set_client */;
/*!50503 SET character_set_client = utf8mb4 */;
CREATE TABLE `order` (
  `id` bigint NOT NULL AUTO_INCREMENT,
  `order_no` varchar(20) DEFAULT NULL,
  `user_id` bigint NOT NULL,
  `attraction_id` bigint NOT NULL,
  `order_status` int NOT NULL DEFAULT '0' COMMENT '0 = Unpaid, 1 = Paid',
  `visit_date` date NOT NULL,
  `visit_time` varchar(50) NOT NULL,
  `order_price` decimal(10,2) NOT NULL,
  `create_date` timestamp NOT NULL DEFAULT CURRENT_TIMESTAMP,
  PRIMARY KEY (`id`),
  UNIQUE KEY `order_no` (`order_no`),
  KEY `user_id` (`user_id`),
  KEY `attraction_id` (`attraction_id`),
  CONSTRAINT `order_ibfk_1` FOREIGN KEY (`user_id`) REFERENCES `user` (`id`),
  CONSTRAINT `order_ibfk_2` FOREIGN KEY (`attraction_id`) REFERENCES `attraction` (`id`)
) ENGINE=InnoDB AUTO_INCREMENT=45 DEFAULT CHARSET=utf8mb4 COLLATE=utf8mb4_0900_ai_ci;
/*!40101 SET character_set_client = @saved_cs_client */;

--
-- Dumping data for table `order`
--

LOCK TABLES `order` WRITE;
/*!40000 ALTER TABLE `order` DISABLE KEYS */;
INSERT INTO `order` VALUES (3,'2023100702080200003',7,2,0,'2023-10-19','afternoon',2500.00,'2023-10-06 18:08:02'),(4,'2023100702283800004',7,2,0,'2023-10-19','afternoon',2500.00,'2023-10-06 18:28:38'),(5,'2023100702285700005',7,2,0,'2023-10-19','afternoon',2500.00,'2023-10-06 18:28:57'),(6,'2023100702313000006',7,2,0,'2023-10-19','afternoon',2500.00,'2023-10-06 18:31:30'),(7,'2023100702480200007',7,2,0,'2023-10-19','afternoon',2500.00,'2023-10-06 18:48:02'),(8,'2023100702490900008',7,2,0,'2023-10-19','afternoon',2500.00,'2023-10-06 18:49:09'),(9,'2023100702510700009',7,2,0,'2023-10-19','afternoon',2500.00,'2023-10-06 18:51:07'),(10,'2023100702542800010',7,2,0,'2023-10-19','afternoon',2500.00,'2023-10-06 18:54:28'),(11,'2023100702543900011',7,2,0,'2023-10-19','afternoon',2500.00,'2023-10-06 18:54:39'),(12,'2023100702550600012',7,2,0,'2023-10-19','afternoon',2500.00,'2023-10-06 18:55:06'),(13,'2023100702551800013',7,2,0,'2023-10-19','afternoon',2500.00,'2023-10-06 18:55:18'),(14,'2023100702563400014',7,2,0,'2023-10-19','afternoon',2500.00,'2023-10-06 18:56:34'),(15,'2023100702583200015',7,2,0,'2023-10-19','afternoon',2500.00,'2023-10-06 18:58:32'),(16,'2023100703002100016',7,2,0,'2023-10-19','afternoon',2500.00,'2023-10-06 19:00:21'),(17,'2023100703010100017',7,2,0,'2023-10-19','afternoon',2500.00,'2023-10-06 19:01:01'),(18,'2023100703063400018',7,2,0,'2023-10-19','afternoon',2500.00,'2023-10-06 19:06:34'),(19,'2023100703080200019',7,2,0,'2023-10-19','afternoon',2500.00,'2023-10-06 19:08:02'),(20,'2023100703091200020',7,2,0,'2023-10-19','afternoon',2500.00,'2023-10-06 19:09:12'),(21,'2023100703120100021',7,2,0,'2023-10-19','afternoon',2500.00,'2023-10-06 19:12:01'),(22,'2023100703294600022',7,2,0,'2023-10-19','afternoon',2500.00,'2023-10-06 19:29:46'),(23,'2023100703514400023',7,2,0,'2023-10-19','afternoon',2500.00,'2023-10-06 19:51:44'),(24,'2023100703521900024',7,2,0,'2023-10-19','afternoon',2500.00,'2023-10-06 19:52:19'),(25,'2023100703525400025',7,2,0,'2023-10-19','afternoon',2500.00,'2023-10-06 19:52:54'),(26,'2023100703532900026',7,2,1,'2023-10-19','afternoon',2500.00,'2023-10-06 19:53:29'),(27,'2023100703573500027',7,2,1,'2023-10-19','afternoon',2500.00,'2023-10-06 19:57:35'),(28,'2023100703593300028',7,3,1,'2023-10-18','beforenoon',2000.00,'2023-10-06 19:59:33'),(29,'2023100718501100029',7,6,1,'2023-10-25','afternoon',2500.00,'2023-10-07 10:50:11'),(30,'2023100718511200030',7,7,1,'2023-10-26','beforenoon',2000.00,'2023-10-07 10:51:12'),(31,'2023100718560200031',7,7,1,'2023-10-26','beforenoon',2000.00,'2023-10-07 10:56:02'),(32,'2023100719005500032',7,5,1,'2023-10-26','beforenoon',2000.00,'2023-10-07 11:00:55'),(33,'2023100719165900033',7,6,1,'2023-10-19','beforenoon',2000.00,'2023-10-07 11:16:59'),(34,'2023100719180400034',7,6,1,'2023-10-13','afternoon',2500.00,'2023-10-07 11:18:04'),(35,'2023100719185700035',7,2,1,'2023-11-03','afternoon',2500.00,'2023-10-07 11:18:57'),(36,'2023100720171800036',7,2,1,'2023-11-10','afternoon',2500.00,'2023-10-07 12:17:18'),(37,'2023100720252100037',7,2,1,'2023-10-19','afternoon',2500.00,'2023-10-07 12:25:21'),(38,'2023100723560100038',7,41,1,'2023-10-11','afternoon',2500.00,'2023-10-07 15:56:01'),(39,'2023100800445500039',7,2,1,'2023-10-25','afternoon',2500.00,'2023-10-07 16:44:55'),(40,'2026060917585700040',17,2,1,'2026-06-18','afternoon',2500.00,'2026-06-09 09:58:57'),(41,'2026061117294600041',17,36,1,'2026-06-18','afternoon',2500.00,'2026-06-11 09:29:46'),(42,'2026071522233300042',8,3,1,'2026-07-16','afternoon',2500.00,'2026-07-15 14:23:33'),(43,'2026071619350900043',8,9,1,'2026-07-22','beforenoon',2000.00,'2026-07-16 11:35:09'),(44,'2026071818491000044',8,38,1,'2026-07-19','afternoon',2500.00,'2026-07-18 10:49:10');
/*!40000 ALTER TABLE `order` ENABLE KEYS */;
UNLOCK TABLES;

--
-- Table structure for table `order_contact`
--

DROP TABLE IF EXISTS `order_contact`;
/*!40101 SET @saved_cs_client     = @@character_set_client */;
/*!50503 SET character_set_client = utf8mb4 */;
CREATE TABLE `order_contact` (
  `id` bigint NOT NULL AUTO_INCREMENT,
  `order_id` bigint NOT NULL,
  `user_id` bigint NOT NULL,
  `contact_name` varchar(50) NOT NULL,
  `contact_email` varchar(255) NOT NULL,
  `contact_phone` varchar(20) NOT NULL,
  PRIMARY KEY (`id`),
  UNIQUE KEY `uq_order_contact_order_id` (`order_id`),
  KEY `user_id` (`user_id`),
  CONSTRAINT `fk_order_contact_order` FOREIGN KEY (`order_id`) REFERENCES `order` (`id`),
  CONSTRAINT `order_contact_ibfk_1` FOREIGN KEY (`user_id`) REFERENCES `user` (`id`)
) ENGINE=InnoDB AUTO_INCREMENT=43 DEFAULT CHARSET=utf8mb4 COLLATE=utf8mb4_0900_ai_ci;
/*!40101 SET character_set_client = @saved_cs_client */;

--
-- Dumping data for table `order_contact`
--

LOCK TABLES `order_contact` WRITE;
/*!40000 ALTER TABLE `order_contact` DISABLE KEYS */;
INSERT INTO `order_contact` VALUES (1,3,7,'aaa','aaa@aaa.com','123456'),(2,4,7,'aaa','aaa@aaa.com','123456'),(3,5,7,'aaa','aaa@aaa.com','123456'),(4,6,7,'aaa','aaa@aaa.com','123456'),(5,7,7,'aaa','aaa@aaa.com','123456'),(6,8,7,'aaa','aaa@aaa.com','123456'),(7,9,7,'aaa','aaa@aaa.com','123456'),(8,10,7,'aaa','aaa@aaa.com','123456'),(9,11,7,'aaa','aaa@aaa.com','123456'),(10,12,7,'aaa','aaa@aaa.com','123456'),(11,13,7,'aaa','aaa@aaa.com','123456'),(12,14,7,'aaa','aaa@aaa.com','123456'),(13,15,7,'aaa','aaa@aaa.com','123456'),(14,16,7,'aaa','aaa@aaa.com','123456'),(15,17,7,'aaa','aaa@aaa.com','123456'),(16,18,7,'aaa','aaa@aaa.com','123456'),(17,19,7,'aaa','aaa@aaa.com','123456'),(18,20,7,'aaa','aaa@aaa.com','123456'),(19,21,7,'aaa','aaa@aaa.com','0912345678'),(20,22,7,'aaa','aaa@aaa.com','0912345678'),(21,23,7,'aaa','aaa@aaa.com','0912345678'),(22,24,7,'aaa','aaa@aaa.com','0912345678'),(23,25,7,'aaa','aaa@aaa.com','0912345678'),(24,26,7,'aaa','aaa@aaa.com','0912345678'),(25,27,7,'aaa','aaa@aaa.com','0912345678'),(26,28,7,'aaa','aaa@aaa.com','0912345678'),(27,29,7,'aaa','aaa@aaa.com','0912345678'),(28,30,7,'aaa','aaa@aaa.com','0912345678'),(29,31,7,'aaa','aaa@aaa.com','0912345678'),(30,32,7,'aaa','aaa@aaa.com','0912345678'),(31,33,7,'aaa','aaa@aaa.com','0912345678'),(32,34,7,'aaa','aaa@aaa.com','0912345678'),(33,35,7,'aaa','aaa@aaa.com','0912345678'),(34,36,7,'aaa','aaa@aaa.com','0912345678'),(35,37,7,'aaa','aaa@aaa.com','0912345678'),(36,38,7,'aaa','aaa@aaa.com','0912345678'),(37,39,7,'aaa','aaa@aaa.com','0912345678'),(38,40,17,'aaa','aaa@gmail.com','0912345678'),(39,41,17,'aaa','aaa@gmail.com','0912345678'),(40,42,8,'bbb','bbb@bbb.com','0912345678'),(41,43,8,'bbb','bbb@bbb.com','0912345678'),(42,44,8,'bbb','bbb@bbb.com','0912345678');
/*!40000 ALTER TABLE `order_contact` ENABLE KEYS */;
UNLOCK TABLES;

--
-- Table structure for table `user`
--

DROP TABLE IF EXISTS `user`;
/*!40101 SET @saved_cs_client     = @@character_set_client */;
/*!50503 SET character_set_client = utf8mb4 */;
CREATE TABLE `user` (
  `id` bigint NOT NULL AUTO_INCREMENT,
  `user_name` varchar(50) NOT NULL,
  `email` varchar(255) NOT NULL,
  `password` varchar(255) NOT NULL,
  PRIMARY KEY (`id`),
  UNIQUE KEY `email` (`email`)
) ENGINE=InnoDB AUTO_INCREMENT=18 DEFAULT CHARSET=utf8mb4 COLLATE=utf8mb4_0900_ai_ci;
/*!40101 SET character_set_client = @saved_cs_client */;

--
-- Dumping data for table `user`
--

LOCK TABLES `user` WRITE;
/*!40000 ALTER TABLE `user` DISABLE KEYS */;
INSERT INTO `user` VALUES (1,'彭彭彭','ply@ply.com','1234'),(5,'彭彭彭2','ply2@ply.com','12345678'),(6,'彭彭彭3','ply3@ply.com','12345678'),(7,'aaa','aaa@aaa.com','aaa'),(8,'bbb','bbb@bbb.com','bbb'),(9,'bbb1','bbb1@bbb.com','bbb'),(13,'ccc','ccc@ccc.com','ccc'),(14,'ddd','ddd@ddd.com','ddd'),(15,'eee','eee@eee.com','eee'),(16,'eee','eee1@eee.com','eee'),(17,'aaa','aaa@gmail.com','aaa');
/*!40000 ALTER TABLE `user` ENABLE KEYS */;
UNLOCK TABLES;
/*!40103 SET TIME_ZONE=@OLD_TIME_ZONE */;

/*!40101 SET SQL_MODE=@OLD_SQL_MODE */;
/*!40014 SET FOREIGN_KEY_CHECKS=@OLD_FOREIGN_KEY_CHECKS */;
/*!40014 SET UNIQUE_CHECKS=@OLD_UNIQUE_CHECKS */;
/*!40101 SET CHARACTER_SET_CLIENT=@OLD_CHARACTER_SET_CLIENT */;
/*!40101 SET CHARACTER_SET_RESULTS=@OLD_CHARACTER_SET_RESULTS */;
/*!40101 SET COLLATION_CONNECTION=@OLD_COLLATION_CONNECTION */;
/*!40111 SET SQL_NOTES=@OLD_SQL_NOTES */;

-- Dump completed on 2026-07-18 18:55:23
